period_window,day,co_max8h
baseline_MarJun2024,2024-03-01,2.646875
baseline_MarJun2024,2024-03-02,2.603125
baseline_MarJun2024,2024-03-03,2.440625
baseline_MarJun2024,2024-03-04,2.6100000000000003
baseline_MarJun2024,2024-03-05,2.520625
baseline_MarJun2024,2024-03-06,2.2934375
baseline_MarJun2024,2024-03-07,2.440625
baseline_MarJun2024,2024-03-08,2.7506250000000003
baseline_MarJun2024,2024-03-09,2.2649999999999997
baseline_MarJun2024,2024-03-10,2.11875
baseline_MarJun2024,2024-03-11,2.3656249999999996
baseline_MarJun2024,2024-03-12,2.6
baseline_MarJun2024,2024-03-13,2.919375
baseline_MarJun2024,2024-03-14,2.89125
baseline_MarJun2024,2024-03-15,2.648125
baseline_MarJun2024,2024-03-16,2.434375
baseline_MarJun2024,2024-03-17,2.4325
baseline_MarJun2024,2024-03-18,2.230625
baseline_MarJun2024,2024-03-19,2.28125
baseline_MarJun2024,2024-03-20,2.559375
baseline_MarJun2024,2024-03-21,2.7300000000000004
baseline_MarJun2024,2024-03-22,2.57375
baseline_MarJun2024,2024-03-23,2.644375
baseline_MarJun2024,2024-03-24,2.55875
baseline_MarJun2024,2024-03-25,2.785
baseline_MarJun2024,2024-03-26,2.211875
baseline_MarJun2024,2024-03-27,2.261875
baseline_MarJun2024,2024-03-28,2.23625
baseline_MarJun2024,2024-03-29,2.35625
baseline_MarJun2024,2024-03-30,2.421875
baseline_MarJun2024,2024-03-31,2.435625
baseline_MarJun2024,2024-04-01,3.038125
baseline_MarJun2024,2024-04-02,2.8812499999999996
baseline_MarJun2024,2024-04-03,2.2112499999999997
baseline_MarJun2024,2024-04-04,2.505625
baseline_MarJun2024,2024-04-05,2.4518750000000002
baseline_MarJun2024,2024-04-06,2.503125
baseline_MarJun2024,2024-04-07,2.5456250000000002
baseline_MarJun2024,2024-04-08,2.614375
baseline_MarJun2024,2024-04-09,2.6881250000000003
baseline_MarJun2024,2024-04-10,2.374375
baseline_MarJun2024,2024-04-11,2.2037500000000003
baseline_MarJun2024,2024-04-12,2.2675
baseline_MarJun2024,2024-04-13,2.44625
baseline_MarJun2024,2024-04-14,2.49125
baseline_MarJun2024,2024-04-15,2.706875
baseline_MarJun2024,2024-04-16,2.571875
baseline_MarJun2024,2024-04-17,2.6937499999999996
baseline_MarJun2024,2024-04-18,2.83875
baseline_MarJun2024,2024-04-19,2.7268749999999997
baseline_MarJun2024,2024-04-20,2.478125
baseline_MarJun2024,2024-04-21,2.2125000000000004
baseline_MarJun2024,2024-04-22,2.26375
baseline_MarJun2024,2024-04-23,2.574375
baseline_MarJun2024,2024-04-24,2.44625
baseline_MarJun2024,2024-04-25,2.45125
baseline_MarJun2024,2024-04-26,2.616875
baseline_MarJun2024,2024-04-27,2.65125
baseline_MarJun2024,2024-04-28,2.569375
baseline_MarJun2024,2024-04-29,2.505625
baseline_MarJun2024,2024-04-30,2.445
baseline_MarJun2024,2024-05-01,2.484375
baseline_MarJun2024,2024-05-02,2.64125
baseline_MarJun2024,2024-05-03,2.566875
baseline_MarJun2024,2024-05-04,2.5718750000000004
baseline_MarJun2024,2024-05-05,2.538125
baseline_MarJun2024,2024-05-06,2.72375
baseline_MarJun2024,2024-05-07,2.7687500000000003
baseline_MarJun2024,2024-05-08,2.823125
baseline_MarJun2024,2024-05-09,2.83625
baseline_MarJun2024,2024-05-10,2.839375
baseline_MarJun2024,2024-05-11,2.896875
baseline_MarJun2024,2024-05-12,2.9290624999999997
baseline_MarJun2024,2024-05-13,3.2459375
baseline_MarJun2024,2024-05-14,2.863125
baseline_MarJun2024,2024-05-15,2.8431249999999997
baseline_MarJun2024,2024-05-16,2.9418750000000005
baseline_MarJun2024,2024-05-17,2.921875
baseline_MarJun2024,2024-05-18,2.9000000000000004
baseline_MarJun2024,2024-05-19,2.795
baseline_MarJun2024,2024-05-20,3.011875
baseline_MarJun2024,2024-05-21,2.0212499999999998
baseline_MarJun2024,2024-05-22,1.9981250000000002
baseline_MarJun2024,2024-05-23,2.53625
baseline_MarJun2024,2024-05-24,2.80875
baseline_MarJun2024,2024-05-25,2.034375
baseline_MarJun2024,2024-05-26,2.065
baseline_MarJun2024,2024-05-27,2.289375
baseline_MarJun2024,2024-05-28,2.260625
baseline_MarJun2024,2024-05-29,3.130625
baseline_MarJun2024,2024-05-30,3.8765624999999995
baseline_MarJun2024,2024-05-31,3.293125
baseline_MarJun2024,2024-06-01,0.970625
baseline_MarJun2024,2024-06-02,1.074375
baseline_MarJun2024,2024-06-03,1.149375
baseline_MarJun2024,2024-06-04,1.185625
baseline_MarJun2024,2024-06-05,1.069375
baseline_MarJun2024,2024-06-06,1.0153124999999998
baseline_MarJun2024,2024-06-07,1.28
baseline_MarJun2024,2024-06-08,1.4825
baseline_MarJun2024,2024-06-09,1.539375
baseline_MarJun2024,2024-06-10,1.728125
baseline_MarJun2024,2024-06-11,1.705625
baseline_MarJun2024,2024-06-12,1.55
baseline_MarJun2024,2024-06-13,0.7737499999999999
baseline_MarJun2024,2024-06-14,0.75875
baseline_MarJun2024,2024-06-15,0.659375
baseline_MarJun2024,2024-06-16,0.64
baseline_MarJun2024,2024-06-17,0.618125
baseline_MarJun2024,2024-06-18,0.60875
baseline_MarJun2024,2024-06-19,0.606875
baseline_MarJun2024,2024-06-20,0.580625
baseline_MarJun2024,2024-06-21,0.6484375
baseline_MarJun2024,2024-06-22,0.9100000000000001
baseline_MarJun2024,2024-06-23,0.931875
baseline_MarJun2024,2024-06-24,0.81375
baseline_MarJun2024,2024-06-25,0.700625
baseline_MarJun2024,2024-06-26,0.72375
baseline_MarJun2024,2024-06-27,0.713125
baseline_MarJun2024,2024-06-28,0.78125
baseline_MarJun2024,2024-06-29,0.71875
baseline_MarJun2024,2024-06-30,0.55875
current_MarJun2025,2025-03-01,1.0764583333333333
current_MarJun2025,2025-03-02,1.01375
current_MarJun2025,2025-03-03,1.1325
current_MarJun2025,2025-03-04,1.2721875
current_MarJun2025,2025-03-05,1.6687500000000002
current_MarJun2025,2025-03-06,0.8550000000000001
current_MarJun2025,2025-03-07,1.38125
current_MarJun2025,2025-03-08,1.3599999999999999
current_MarJun2025,2025-03-09,0.911875
current_MarJun2025,2025-03-10,1.0425
current_MarJun2025,2025-03-11,1.23125
current_MarJun2025,2025-03-12,1.234375
current_MarJun2025,2025-03-13,1.3937499999999998
current_MarJun2025,2025-03-14,1.46125
current_MarJun2025,2025-03-15,0.94375
current_MarJun2025,2025-03-16,0.598125
current_MarJun2025,2025-03-17,0.919375
current_MarJun2025,2025-03-18,1.0687499999999999
current_MarJun2025,2025-03-19,1.06375
current_MarJun2025,2025-03-20,0.6443749999999999
current_MarJun2025,2025-03-21,1.036875
current_MarJun2025,2025-03-22,1.2
current_MarJun2025,2025-03-23,1.263125
current_MarJun2025,2025-03-24,1.265
current_MarJun2025,2025-03-25,1.0006249999999999
current_MarJun2025,2025-03-26,1.3515624999999998
current_MarJun2025,2025-03-27,1.3271875
current_MarJun2025,2025-03-28,1.15
current_MarJun2025,2025-03-29,1.303125
current_MarJun2025,2025-03-30,1.165625
current_MarJun2025,2025-03-31,1.21875
current_MarJun2025,2025-04-01,1.226875
current_MarJun2025,2025-04-02,1.2006249999999998
current_MarJun2025,2025-04-03,1.1975
current_MarJun2025,2025-04-04,1.150625
current_MarJun2025,2025-04-05,1.115625
current_MarJun2025,2025-04-06,0.92625
current_MarJun2025,2025-04-07,0.9887499999999999
current_MarJun2025,2025-04-08,1.140625
current_MarJun2025,2025-04-09,1.259375
current_MarJun2025,2025-04-10,1.255
current_MarJun2025,2025-04-11,1.244375
current_MarJun2025,2025-04-12,1.361875
current_MarJun2025,2025-04-13,1.1099999999999999
current_MarJun2025,2025-04-14,1.224375
current_MarJun2025,2025-04-15,1.19
current_MarJun2025,2025-04-16,1.064375
current_MarJun2025,2025-04-17,1.143125
current_MarJun2025,2025-04-18,1.1256249999999999
current_MarJun2025,2025-04-19,1.110625
current_MarJun2025,2025-04-20,1.135
current_MarJun2025,2025-04-21,1.21875
current_MarJun2025,2025-04-22,1.14
current_MarJun2025,2025-04-23,1.3674999999999997
current_MarJun2025,2025-04-24,1.3718749999999997
current_MarJun2025,2025-04-25,1.275625
current_MarJun2025,2025-04-26,1.31625
current_MarJun2025,2025-04-27,1.294375
current_MarJun2025,2025-04-28,1.3006250000000001
current_MarJun2025,2025-04-29,1.33125
current_MarJun2025,2025-04-30,1.36125
current_MarJun2025,2025-05-01,1.30875
current_MarJun2025,2025-05-02,1.3525
current_MarJun2025,2025-05-03,1.29875
current_MarJun2025,2025-05-04,0.786875
current_MarJun2025,2025-05-05,0.7925
current_MarJun2025,2025-05-06,0.880625
current_MarJun2025,2025-05-07,0.848125
current_MarJun2025,2025-05-08,0.819375
current_MarJun2025,2025-05-09,0.78375
current_MarJun2025,2025-05-10,0.980625
current_MarJun2025,2025-05-11,0.9981249999999999
current_MarJun2025,2025-05-12,0.9787499999999999
current_MarJun2025,2025-05-13,1.56125
current_MarJun2025,2025-05-14,1.674375
current_MarJun2025,2025-05-15,1.63125
current_MarJun2025,2025-05-16,1.5318749999999999
current_MarJun2025,2025-05-17,1.295
current_MarJun2025,2025-05-18,1.1425
current_MarJun2025,2025-05-19,1.4775
current_MarJun2025,2025-05-20,1.4093749999999998
current_MarJun2025,2025-05-21,1.123125
current_MarJun2025,2025-05-22,1.05125
current_MarJun2025,2025-05-23,1.099375
current_MarJun2025,2025-05-24,1.141875
current_MarJun2025,2025-05-25,1.1025
current_MarJun2025,2025-05-26,1.42125
current_MarJun2025,2025-05-27,1.2887499999999998
current_MarJun2025,2025-05-28,1.0587499999999999
current_MarJun2025,2025-05-29,1.0675
current_MarJun2025,2025-05-30,1.25625
current_MarJun2025,2025-05-31,1.258125
current_MarJun2025,2025-06-01,1.271875
current_MarJun2025,2025-06-02,1.2725
current_MarJun2025,2025-06-03,1.19625
current_MarJun2025,2025-06-04,1.1949999999999998
current_MarJun2025,2025-06-05,1.118125
current_MarJun2025,2025-06-06,1.0868749999999998
current_MarJun2025,2025-06-07,1.296875
current_MarJun2025,2025-06-08,1.225
current_MarJun2025,2025-06-09,1.20875
current_MarJun2025,2025-06-10,1.4387500000000002
current_MarJun2025,2025-06-11,1.3912499999999999
current_MarJun2025,2025-06-12,1.5843749999999999
current_MarJun2025,2025-06-13,1.56875
current_MarJun2025,2025-06-14,1.329375
current_MarJun2025,2025-06-15,1.2537500000000001
current_MarJun2025,2025-06-16,1.2987499999999998
current_MarJun2025,2025-06-17,1.40875
current_MarJun2025,2025-06-18,1.4612500000000002
current_MarJun2025,2025-06-19,1.3275000000000001
current_MarJun2025,2025-06-20,1.37625
current_MarJun2025,2025-06-21,1.3425
current_MarJun2025,2025-06-22,1.2650000000000001
current_MarJun2025,2025-06-23,1.23875
current_MarJun2025,2025-06-24,1.2850000000000001
current_MarJun2025,2025-06-25,0.8962499999999999
current_MarJun2025,2025-06-26,0.93375
current_MarJun2025,2025-06-27,0.911875
current_MarJun2025,2025-06-28,0.8775000000000001
current_MarJun2025,2025-06-29,0.7612499999999999
current_MarJun2025,2025-06-30,0.76125
pandemic_MarJun2020,2020-03-01,2.0149999999999997
pandemic_MarJun2020,2020-03-02,2.14375
pandemic_MarJun2020,2020-03-03,2.395625
pandemic_MarJun2020,2020-03-04,2.0675
pandemic_MarJun2020,2020-03-05,1.8924999999999998
pandemic_MarJun2020,2020-03-06,1.8662500000000002
pandemic_MarJun2020,2020-03-07,1.825625
pandemic_MarJun2020,2020-03-08,1.905
pandemic_MarJun2020,2020-03-09,2.085
pandemic_MarJun2020,2020-03-10,2.3881249999999996
pandemic_MarJun2020,2020-03-11,2.190625
pandemic_MarJun2020,2020-03-12,2.676875
pandemic_MarJun2020,2020-03-13,2.455625
pandemic_MarJun2020,2020-03-14,2.126875
pandemic_MarJun2020,2020-03-15,1.9987499999999998
pandemic_MarJun2020,2020-03-16,2.073125
pandemic_MarJun2020,2020-03-17,2.260625
pandemic_MarJun2020,2020-03-18,2.1275
pandemic_MarJun2020,2020-03-19,2.3775
pandemic_MarJun2020,2020-03-20,2.20375
pandemic_MarJun2020,2020-03-21,2.276875
pandemic_MarJun2020,2020-03-22,2.318125
pandemic_MarJun2020,2020-03-23,2.546875
pandemic_MarJun2020,2020-03-24,2.595
pandemic_MarJun2020,2020-03-25,2.38
pandemic_MarJun2020,2020-03-26,2.401875
pandemic_MarJun2020,2020-03-27,2.461875
pandemic_MarJun2020,2020-03-28,2.255
pandemic_MarJun2020,2020-03-29,2.11625
pandemic_MarJun2020,2020-03-30,2.530625
pandemic_MarJun2020,2020-03-31,2.5545833333333334
pandemic_MarJun2020,2020-04-01,2.708125
pandemic_MarJun2020,2020-04-02,1.955
pandemic_MarJun2020,2020-04-03,1.6025
pandemic_MarJun2020,2020-04-04,1.1906249999999998
pandemic_MarJun2020,2020-04-05,0.8943749999999999
pandemic_MarJun2020,2020-04-06,1.276875
pandemic_MarJun2020,2020-04-07,1.8649999999999998
pandemic_MarJun2020,2020-04-08,2.27875
pandemic_MarJun2020,2020-04-09,2.39125
pandemic_MarJun2020,2020-04-10,2.031875
pandemic_MarJun2020,2020-04-11,0.7875000000000001
pandemic_MarJun2020,2020-04-12,0.8162499999999999
pandemic_MarJun2020,2020-04-13,0.7462500000000001
pandemic_MarJun2020,2020-04-14,0.591875
pandemic_MarJun2020,2020-04-15,0.6637500000000001
pandemic_MarJun2020,2020-04-16,0.6568750000000001
pandemic_MarJun2020,2020-04-17,0.825625
pandemic_MarJun2020,2020-04-18,0.7618750000000001
pandemic_MarJun2020,2020-04-19,0.83125
pandemic_MarJun2020,2020-04-20,0.925
pandemic_MarJun2020,2020-04-21,0.9125
pandemic_MarJun2020,2020-04-22,1.005625
pandemic_MarJun2020,2020-04-23,0.933125
pandemic_MarJun2020,2020-04-24,0.9606250000000001
pandemic_MarJun2020,2020-04-25,0.9737500000000001
pandemic_MarJun2020,2020-04-26,0.854375
pandemic_MarJun2020,2020-04-27,0.861875
pandemic_MarJun2020,2020-04-28,1.0225
pandemic_MarJun2020,2020-04-29,0.8643750000000001
pandemic_MarJun2020,2020-04-30,0.778125
pandemic_MarJun2020,2020-05-01,0.9375
pandemic_MarJun2020,2020-05-02,0.9712500000000001
pandemic_MarJun2020,2020-05-03,0.8818750000000001
pandemic_MarJun2020,2020-05-04,1.08875
pandemic_MarJun2020,2020-05-05,1.1687500000000002
pandemic_MarJun2020,2020-05-06,0.8293750000000001
pandemic_MarJun2020,2020-05-07,0.905
pandemic_MarJun2020,2020-05-08,1.069375
pandemic_MarJun2020,2020-05-09,0.953125
pandemic_MarJun2020,2020-05-10,0.9056250000000001
pandemic_MarJun2020,2020-05-11,0.8475
pandemic_MarJun2020,2020-05-12,0.9375
pandemic_MarJun2020,2020-05-13,0.940625
pandemic_MarJun2020,2020-05-14,0.9299999999999999
pandemic_MarJun2020,2020-05-15,1.05375
pandemic_MarJun2020,2020-05-16,1.031875
pandemic_MarJun2020,2020-05-17,1.02
pandemic_MarJun2020,2020-05-18,1.3250000000000002
pandemic_MarJun2020,2020-05-19,1.168125
pandemic_MarJun2020,2020-05-20,1.179375
pandemic_MarJun2020,2020-05-21,1.030625
pandemic_MarJun2020,2020-05-22,1.17875
pandemic_MarJun2020,2020-05-23,1.06375
pandemic_MarJun2020,2020-05-24,0.988125
pandemic_MarJun2020,2020-05-25,1.055625
pandemic_MarJun2020,2020-05-26,1.09625
pandemic_MarJun2020,2020-05-27,1.1375
pandemic_MarJun2020,2020-05-28,1.0831250000000001
pandemic_MarJun2020,2020-05-29,1.093125
pandemic_MarJun2020,2020-05-30,1.149375
pandemic_MarJun2020,2020-05-31,1.139375
pandemic_MarJun2020,2020-06-01,1.058125
pandemic_MarJun2020,2020-06-02,1.041875
pandemic_MarJun2020,2020-06-03,1.05375
pandemic_MarJun2020,2020-06-04,1.103125
pandemic_MarJun2020,2020-06-05,1.0640625
pandemic_MarJun2020,2020-06-06,1.0450000000000002
pandemic_MarJun2020,2020-06-07,1.11
pandemic_MarJun2020,2020-06-08,1.2481250000000002
pandemic_MarJun2020,2020-06-09,1.426875
pandemic_MarJun2020,2020-06-10,1.129375
pandemic_MarJun2020,2020-06-11,1.278125
pandemic_MarJun2020,2020-06-12,1.3231249999999999
pandemic_MarJun2020,2020-06-13,1.168125
pandemic_MarJun2020,2020-06-14,1.17375
pandemic_MarJun2020,2020-06-15,1.211875
pandemic_MarJun2020,2020-06-16,1.1175000000000002
pandemic_MarJun2020,2020-06-17,1.175
pandemic_MarJun2020,2020-06-18,1.256875
pandemic_MarJun2020,2020-06-19,1.31875
pandemic_MarJun2020,2020-06-20,1.2175
pandemic_MarJun2020,2020-06-21,1.3493749999999998
pandemic_MarJun2020,2020-06-22,1.33125
pandemic_MarJun2020,2020-06-23,1.3418750000000002
pandemic_MarJun2020,2020-06-24,1.355
pandemic_MarJun2020,2020-06-25,1.4737500000000001
pandemic_MarJun2020,2020-06-26,1.328125
pandemic_MarJun2020,2020-06-27,1.66125
pandemic_MarJun2020,2020-06-28,1.6187500000000001
pandemic_MarJun2020,2020-06-29,1.42875
pandemic_MarJun2020,2020-06-30,1.395
