period_window,station_code,pollutant,rows_total,rows_observed,coverage_pct,imputed_pct_among_values
baseline_MarJul2024,CE,PM2.5,3625,2690,74.21,4.01
baseline_MarJul2024,CE,NO2,3625,3625,100.0,5.27
baseline_MarJul2024,CE,CO,3625,3625,100.0,2.7
baseline_MarJul2024,CE,NO,3625,3618,99.81,5.09
baseline_MarJul2024,CE,NOX_final,3625,3625,100.0,5.27
baseline_MarJul2024,NE,PM2.5,3625,3371,92.99,8.72
baseline_MarJul2024,NE,NO2,3625,3625,100.0,1.99
baseline_MarJul2024,NE,CO,3625,3625,100.0,2.73
baseline_MarJul2024,NE,NO,3625,3625,100.0,2.37
baseline_MarJul2024,NE,NOX_final,3625,3625,100.0,2.37
baseline_MarJul2024,NE2,PM2.5,3504,3330,95.03,8.2
baseline_MarJul2024,NE2,NO2,3504,3504,100.0,2.8
baseline_MarJul2024,NE2,CO,3504,2396,68.38,3.55
baseline_MarJul2024,NE2,NO,3504,3503,99.97,3.08
baseline_MarJul2024,NE2,NOX_final,3504,3503,99.97,3.08
baseline_MarJul2024,NO,PM2.5,2645,427,16.14,27.87
baseline_MarJul2024,NO,NO2,2645,2642,99.89,12.11
baseline_MarJul2024,NO,CO,2645,2522,95.35,8.76
baseline_MarJul2024,NO,NO,2645,2645,100.0,13.95
baseline_MarJul2024,NO,NOX_final,2645,2642,99.89,14.0
baseline_MarJul2024,NO2,PM2.5,3625,2212,61.02,7.55
baseline_MarJul2024,NO2,NO2,3625,3558,98.15,2.84
baseline_MarJul2024,NO2,CO,3625,3625,100.0,2.84
baseline_MarJul2024,NO2,NO,3625,3562,98.26,5.39
baseline_MarJul2024,NO2,NOX_final,3625,3557,98.12,5.43
baseline_MarJul2024,SE,PM2.5,3625,2373,65.46,8.6
baseline_MarJul2024,SE,NO2,3625,3625,100.0,1.82
baseline_MarJul2024,SE,CO,3625,3625,100.0,1.82
baseline_MarJul2024,SE,NO,3625,3625,100.0,2.84
baseline_MarJul2024,SE,NOX_final,3625,3625,100.0,2.87
baseline_MarJul2024,SO,PM2.5,3625,2607,71.92,5.83
baseline_MarJul2024,SO,NO2,3625,3625,100.0,1.08
baseline_MarJul2024,SO,CO,3625,3625,100.0,1.3
baseline_MarJul2024,SO,NO,3625,3625,100.0,1.57
baseline_MarJul2024,SO,NOX_final,3625,3625,100.0,1.57
current_MarJul2025,CE,PM2.5,2928,2925,99.9,9.3
current_MarJul2025,CE,NO2,2928,2928,100.0,6.69
current_MarJul2025,CE,CO,2928,2928,100.0,1.67
current_MarJul2025,CE,NO,2928,2878,98.29,21.58
current_MarJul2025,CE,NOX_final,2928,2928,100.0,6.69
current_MarJul2025,NE,PM2.5,2925,2894,98.94,2.66
current_MarJul2025,NE,NO2,2925,2208,75.49,3.53
current_MarJul2025,NE,CO,2925,2208,75.49,2.85
current_MarJul2025,NE,NO,2925,2207,75.45,4.03
current_MarJul2025,NE,NOX_final,2925,2396,81.91,3.51
current_MarJul2025,NE2,PM2.5,2025,0,0.0,0.0
current_MarJul2025,NE2,NO2,2025,744,36.74,3.23
current_MarJul2025,NE2,CO,2025,1281,63.26,14.21
current_MarJul2025,NE2,NO,2025,744,36.74,3.23
current_MarJul2025,NE2,NOX_final,2025,744,36.74,3.23
current_MarJul2025,NO,PM2.5,2833,0,0.0,0.0
current_MarJul2025,NO,NO2,2833,2832,99.96,6.39
current_MarJul2025,NO,CO,2833,2833,100.0,3.6
current_MarJul2025,NO,NO,2833,2833,100.0,10.91
current_MarJul2025,NO,NOX_final,2833,2833,100.0,5.26
current_MarJul2025,NO2,PM2.5,2908,2605,89.58,7.06
current_MarJul2025,NO2,NO2,2908,52,1.79,3.85
current_MarJul2025,NO2,CO,2908,2713,93.29,1.29
current_MarJul2025,NO2,NO,2908,48,1.65,2.08
current_MarJul2025,NO2,NOX_final,2908,397,13.65,8.82
current_MarJul2025,SE,PM2.5,2928,2860,97.68,5.1
current_MarJul2025,SE,NO2,2928,2928,100.0,2.36
current_MarJul2025,SE,CO,2928,2024,69.13,0.74
current_MarJul2025,SE,NO,2928,2928,100.0,5.4
current_MarJul2025,SE,NOX_final,2928,2928,100.0,2.25
current_MarJul2025,SO,PM2.5,2823,2447,86.68,7.64
current_MarJul2025,SO,NO2,2823,2800,99.19,1.71
current_MarJul2025,SO,CO,2823,2800,99.19,8.71
current_MarJul2025,SO,NO,2823,2800,99.19,2.43
current_MarJul2025,SO,NOX_final,2823,2800,99.19,1.71
pandemic_MarJul2020,CE,PM2.5,3625,3490,96.28,20.37
pandemic_MarJul2020,CE,NO2,3625,3288,90.7,0.76
pandemic_MarJul2020,CE,CO,3625,3625,100.0,1.43
pandemic_MarJul2020,CE,NO,3625,3382,93.3,10.2
pandemic_MarJul2020,CE,NOX_final,3625,3596,99.2,5.12
pandemic_MarJul2020,NE,PM2.5,3226,3224,99.94,6.79
pandemic_MarJul2020,NE,NO2,3226,0,0.0,0.0
pandemic_MarJul2020,NE,CO,3226,227,7.04,0.44
pandemic_MarJul2020,NE,NO,3226,1620,50.22,56.17
pandemic_MarJul2020,NE,NOX_final,3226,0,0.0,0.0
pandemic_MarJul2020,NE2,PM2.5,2935,2669,90.94,23.04
pandemic_MarJul2020,NE2,NO2,2935,10,0.34,0.0
pandemic_MarJul2020,NE2,CO,2935,976,33.25,0.1
pandemic_MarJul2020,NE2,NO,2935,5,0.17,0.0
pandemic_MarJul2020,NE2,NOX_final,2935,379,12.91,2.9
pandemic_MarJul2020,NO,PM2.5,3623,3623,100.0,1.05
pandemic_MarJul2020,NO,NO2,3623,8,0.22,0.0
pandemic_MarJul2020,NO,CO,3623,0,0.0,0.0
pandemic_MarJul2020,NO,NO,3623,861,23.76,28.46
pandemic_MarJul2020,NO,NOX_final,3623,11,0.3,0.0
pandemic_MarJul2020,NO2,PM2.5,3625,3369,92.94,4.3
pandemic_MarJul2020,NO2,NO2,3625,3347,92.33,25.72
pandemic_MarJul2020,NO2,CO,3625,3617,99.78,0.66
pandemic_MarJul2020,NO2,NO,3625,3588,98.98,1.7
pandemic_MarJul2020,NO2,NOX_final,3625,3588,98.98,1.62
pandemic_MarJul2020,SE,PM2.5,3625,3561,98.23,9.88
pandemic_MarJul2020,SE,NO2,3625,0,0.0,0.0
pandemic_MarJul2020,SE,CO,3625,3193,88.08,4.85
pandemic_MarJul2020,SE,NO,3625,0,0.0,0.0
pandemic_MarJul2020,SE,NOX_final,3625,0,0.0,0.0
pandemic_MarJul2020,SO,PM2.5,3625,3624,99.97,9.55
pandemic_MarJul2020,SO,NO2,3625,2353,64.91,31.28
pandemic_MarJul2020,SO,CO,3625,470,12.97,2.55
pandemic_MarJul2020,SO,NO,3625,3170,87.45,17.19
pandemic_MarJul2020,SO,NOX_final,3625,3318,91.53,11.9
