repeat,station_code,method,pollutant,MAE,RMSE,n_eval
0,CE,MTB,PM2.5,4.175542310996563,6.579300675174807,4656
0,CE,MTB,NO2,3.689545004945599,5.647035189307567,5055
0,CE,MTB,CO,0.09951928612550374,0.16475849227060516,5211
0,CE,MTB,NO,3.7526337533567444,8.11301549673857,4841
0,CE,MTB,NOX,5.7962840236686395,9.529618295192677,4225
0,CE,NN,PM2.5,4.218135738831615,6.949762063592525,4656
0,CE,NN,NO2,3.612858555885262,6.093865183800695,5055
0,CE,NN,CO,0.09915563231625409,0.17203825113664306,5211
0,CE,NN,NO,3.59266680437926,8.350651192312755,4841
0,CE,NN,NOX,5.667479289940828,10.298255726379937,4225
0,CE,Iterative,PM2.5,14.037162152331742,18.093989819765802,4656
0,CE,Iterative,NO2,4.493248709060844,7.310970466308185,5055
0,CE,Iterative,CO,1.0669525942265106,1.3528789784861581,5211
0,CE,Iterative,NO,4.4821572924446,7.745673937147855,4841
0,CE,Iterative,NOX,4.38493008472773,7.783232162688355,4225
0,NE,MTB,PM2.5,3.8139116401049016,5.9723007911493955,4957
0,NE,MTB,NO2,3.3689496096522356,5.155842600095777,4227
0,NE,MTB,CO,0.11533200252153814,0.2291214136424957,4759
0,NE,MTB,NO,4.098053924766254,11.518564031666369,4599
0,NE,MTB,NOX,6.795961538461538,13.69161647455809,3380
0,NE,NN,PM2.5,3.810780714141618,6.483907632003329,4957
0,NE,NN,NO2,3.315590253134611,5.570715362276567,4227
0,NE,NN,CO,0.10959445261609584,0.22704308098239728,4759
0,NE,NN,NO,3.9388127853881274,12.575654076475905,4599
0,NE,NN,NOX,6.893431952662722,14.80064267755421,3380
0,NE,Iterative,PM2.5,14.476422197232639,18.504561387052846,4957
0,NE,Iterative,NO2,3.1389596717916146,6.680628532928511,4227
0,NE,Iterative,CO,1.0044827636948948,1.259659936707739,4759
0,NE,Iterative,NO,4.743695584383518,10.710478403072852,4599
0,NE,Iterative,NOX,2.2807308136021973,6.909814388002807,3380
0,NE2,MTB,PM2.5,6.985456369107322,10.201529965692536,3988
0,NE2,MTB,NO2,3.8327277252364365,5.481361695131253,4018
0,NE2,MTB,CO,0.15839116022099448,0.28267500812946744,4525
0,NE2,MTB,NO,6.649155908639524,12.556377925727787,4028
0,NE2,MTB,NOX,9.531981981981982,15.668243453068655,3219
0,NE2,NN,PM2.5,7.288114343029087,11.131328285888646,3988
0,NE2,NN,NO2,3.756570433051269,5.858562545713823,4018
0,NE2,NN,CO,0.16365745856353592,0.3023903664167519,4525
0,NE2,NN,NO,6.435104270109235,13.327162756194184,4028
0,NE2,NN,NOX,9.182354768561666,16.3363514212038,3219
0,NE2,Iterative,PM2.5,15.859530561317706,20.62539681639462,3988
0,NE2,Iterative,NO2,3.516143059102867,7.152650603478106,4018
0,NE2,Iterative,CO,0.9432089287647968,1.2249645943589809,4525
0,NE2,Iterative,NO,5.617193148753626,13.28093645574509,4028
0,NE2,Iterative,NOX,2.9563652694922773,8.338896039890088,3219
0,NO,MTB,PM2.5,4.8040463487829275,7.923409812028518,2999
0,NO,MTB,NO2,3.2495029097963144,4.923162817640807,4124
0,NO,MTB,CO,0.16917402269861287,0.28277949603811664,3965
0,NO,MTB,NO,4.594817636195753,14.287488978029772,4332
0,NO,MTB,NOX,7.251480736055204,15.757254529232638,3478
0,NO,NN,PM2.5,5.150760253417806,8.749403102586514,2999
0,NO,NN,NO2,3.1477934044616878,5.298243994734487,4124
0,NO,NN,CO,0.1650340479192938,0.2945273855387347,3965
0,NO,NN,NO,4.314750692520776,14.266419886587691,4332
0,NO,NN,NOX,6.740799309948246,15.510713709980738,3478
0,NO,Iterative,PM2.5,15.78672938678068,20.315157959872664,2999
0,NO,Iterative,NO2,4.04935709057886,8.346745750932088,4124
0,NO,Iterative,CO,0.7119017313410181,0.884431001593292,3965
0,NO,Iterative,NO,4.5763707497672845,13.347452226356467,4332
0,NO,Iterative,NOX,3.4443702609385225,12.214121934342423,3478
0,NO2,MTB,PM2.5,3.164905352480418,5.067449934768356,4596
0,NO2,MTB,NO2,2.4264795474325505,4.012113403178578,4596
0,NO2,MTB,CO,0.10551684532924963,0.18481655571114589,5224
0,NO2,MTB,NO,4.3939133139776025,10.879206900462808,4822
0,NO2,MTB,NOX,6.625534028812718,15.454695339853517,4026
0,NO2,NN,PM2.5,3.128446475195822,5.515185650449204,4596
0,NO2,NN,NO2,2.342798085291558,4.237639836490592,4596
0,NO2,NN,CO,0.10638782542113323,0.20221888395769688,5224
0,NO2,NN,NO,4.090895893819992,11.102953878116262,4822
0,NO2,NN,NOX,6.605688027819175,16.8168358707406,4026
0,NO2,Iterative,PM2.5,12.995162518122212,16.80867712449805,4596
0,NO2,Iterative,NO2,3.944863784405963,7.94723242120382,4596
0,NO2,Iterative,CO,0.9164670244895962,1.1521710315097562,5224
0,NO2,Iterative,NO,6.359099697382023,16.479839271816733,4822
0,NO2,Iterative,NOX,4.601525745006046,16.917286497546616,4026
0,SE,MTB,PM2.5,3.3071534653465346,5.479493285804609,4646
0,SE,MTB,NO2,3.3991499409681225,5.165642558873471,4235
0,SE,MTB,CO,0.10156880733944955,0.17888687705037473,4905
0,SE,MTB,NO,4.360209807270066,9.52491929531884,4099
0,SE,MTB,NOX,6.9230849168646085,12.673890747537733,3368
0,SE,NN,PM2.5,3.3566594920361603,5.782710812345412,4646
0,SE,NN,NO2,3.30297520661157,5.51792806280196,4235
0,SE,NN,CO,0.10048114169215087,0.18709616381903774,4905
0,SE,NN,NO,4.183166626006344,10.396271874804563,4099
0,SE,NN,NOX,6.76312351543943,13.581025213260977,3368
0,SE,Iterative,PM2.5,11.30976733511199,14.673558134526647,4646
0,SE,Iterative,NO2,3.2130131482931437,6.616570852971928,4235
0,SE,Iterative,CO,0.885879007128873,1.1043453470456754,4905
0,SE,Iterative,NO,4.335784023684028,10.398441385219112,4099
0,SE,Iterative,NOX,2.3258384381270765,6.38018366326894,3368
0,SO,MTB,PM2.5,5.206309252742703,8.821919393085597,4831
0,SO,MTB,NO2,3.2919584380772458,5.359952905610957,4764
0,SO,MTB,CO,0.1556716577540107,0.32968110503339854,4675
0,SO,MTB,NO,7.36262682234545,20.203493583437933,4869
0,SO,MTB,NOX,9.482304404145077,21.242738008302467,3860
0,SO,NN,PM2.5,5.26933968122542,9.533954935322274,4831
0,SO,NN,NO2,3.308950462006717,5.655802029741721,4764
0,SO,NN,CO,0.14976042780748666,0.3739623075747488,4675
0,SO,NN,NO,6.664078865886219,20.56302886658814,4869
0,SO,NN,NOX,9.326727979274612,22.13468077310945,3860
0,SO,Iterative,PM2.5,15.413708303232317,19.881158074092447,4831
0,SO,Iterative,NO2,4.0800943609600635,8.316324830411114,4764
0,SO,Iterative,CO,0.837147750655706,1.068979425136834,4675
0,SO,Iterative,NO,6.532831152598044,16.846053448816992,4869
0,SO,Iterative,NOX,3.282914240286233,9.859813032862105,3860
1,CE,MTB,PM2.5,4.5164561855670105,7.13657143576787,4656
1,CE,MTB,NO2,3.6682195845697327,5.505868059266715,5055
1,CE,MTB,CO,0.10476108232584916,0.1719453640357737,5211
1,CE,MTB,NO,3.5753563313365007,7.578051960375435,4841
1,CE,MTB,NOX,6.208355029585798,10.387116109156032,4225
1,CE,NN,PM2.5,4.491303694158075,7.475452986826111,4656
1,CE,NN,NO2,3.6219980217606325,5.960559457010215,5055
1,CE,NN,CO,0.10157743235463441,0.179154927920062,5211
1,CE,NN,NO,3.3935137368312334,7.63051230478427,4841
1,CE,NN,NOX,5.9279053254437875,10.774732660503714,4225
1,CE,Iterative,PM2.5,14.342797724421036,18.5192216957803,4656
1,CE,Iterative,NO2,4.518775891942178,7.208120647699677,5055
1,CE,Iterative,CO,1.0510268949992168,1.3300658793801252,5211
1,CE,Iterative,NO,4.641240934771016,8.14469713392823,4841
1,CE,Iterative,NOX,4.220914038708487,7.328030531284304,4225
1,NE,MTB,PM2.5,4.3214504740770625,8.385418268038729,4957
1,NE,MTB,NO2,3.3210787792760823,5.121185303861718,4227
1,NE,MTB,CO,0.11418995587308259,0.22386448543210477,4759
1,NE,MTB,NO,4.062241791693847,10.811894964954242,4599
1,NE,MTB,NOX,6.517840236686391,12.311743984538845,3380
1,NE,NN,PM2.5,4.29725640508372,8.378846223118295,4957
1,NE,NN,NO2,3.165081618168914,5.363822244469199,4227
1,NE,NN,CO,0.11434755200672411,0.24728251995086648,4759
1,NE,NN,NO,3.8732767993041968,11.22224555916962,4599
1,NE,NN,NOX,6.339408284023667,12.987895593692718,3380
1,NE,Iterative,PM2.5,14.454338153302613,19.04275494917931,4957
1,NE,Iterative,NO2,3.1283098029333347,6.557425120081728,4227
1,NE,Iterative,CO,1.0212175818895968,1.2931195718001967,4759
1,NE,Iterative,NO,5.262807235792642,13.844193509228809,4599
1,NE,Iterative,NOX,2.4089944102660192,7.923354059400977,3380
1,NE2,MTB,PM2.5,6.823470411233701,10.812596205820801,3988
1,NE2,MTB,NO2,3.8101418616226974,5.4190267158906025,4018
1,NE2,MTB,CO,0.16058563535911605,0.3053661148333223,4525
1,NE2,MTB,NO,6.194848560079444,12.463109939316254,4028
1,NE2,MTB,NOX,9.674091332712022,15.119484968816696,3219
1,NE2,NN,PM2.5,7.0280842527582745,11.302111003676183,3988
1,NE2,NN,NO2,3.853882528621204,5.93981658850064,4018
1,NE2,NN,CO,0.16525303867403315,0.338835607722644,4525
1,NE2,NN,NO,6.0719712015888785,13.32986237302596,4028
1,NE2,NN,NOX,9.190338614476545,16.07235590750531,3219
1,NE2,Iterative,PM2.5,16.05809440975057,21.168781608352447,3988
1,NE2,Iterative,NO2,3.760041713457903,7.400587842191967,4018
1,NE2,Iterative,CO,0.9346854519658186,1.2057310613733598,4525
1,NE2,Iterative,NO,5.5900754857358725,13.716865715412958,4028
1,NE2,Iterative,NOX,3.1930293272833428,9.36112435305911,3219
1,NO,MTB,PM2.5,4.77259586528843,7.580972071850993,2999
1,NO,MTB,NO2,3.170671677982541,4.940047148979613,4124
1,NO,MTB,CO,0.16940353089533416,0.28263979232728287,3965
1,NO,MTB,NO,4.666862880886426,13.968895440225209,4332
1,NO,MTB,NOX,6.134128809660725,12.065280493507144,3478
1,NO,NN,PM2.5,4.827909303101033,8.018894983657015,2999
1,NO,NN,NO2,2.9691319107662464,5.080843761312399,4124
1,NO,NN,CO,0.16653215636822194,0.29811344608038365,3965
1,NO,NN,NO,4.38005540166205,15.388749022946216,4332
1,NO,NN,NOX,5.871966647498563,12.985190728802168,3478
1,NO,Iterative,PM2.5,15.495187355112924,19.63997121082924,2999
1,NO,Iterative,NO2,3.916865408077221,8.109160147079287,4124
1,NO,Iterative,CO,0.7151942210663601,0.8916374950042023,3965
1,NO,Iterative,NO,5.1493894434580305,12.656348641369352,4332
1,NO,Iterative,NOX,3.156399780649882,8.963652159566603,3478
1,NO2,MTB,PM2.5,3.1120724543080938,5.333635429018999,4596
1,NO2,MTB,NO2,2.526958224543081,4.128347601213964,4596
1,NO2,MTB,CO,0.1159188361408882,0.37291505648983214,5224
1,NO2,MTB,NO,4.222449191206969,9.953540171479238,4822
1,NO2,MTB,NOX,5.846025832091406,12.85187444890713,4026
1,NO2,NN,PM2.5,3.169451697127937,5.955694220378448,4596
1,NO2,NN,NO2,2.475609225413403,4.459358832953946,4596
1,NO2,NN,CO,0.11584418070444105,0.373992444298059,5224
1,NO2,NN,NO,4.020676068021567,10.637223931734715,4822
1,NO2,NN,NOX,5.627893691008445,12.984390777961579,4026
1,NO2,Iterative,PM2.5,13.275429007607169,17.202230917710757,4596
1,NO2,Iterative,NO2,3.90292640418937,7.75880104937824,4596
1,NO2,Iterative,CO,0.9124241293679644,1.1835228870168826,5224
1,NO2,Iterative,NO,6.0776189727648955,13.35028992880802,4822
1,NO2,Iterative,NOX,4.654706396216465,14.327591681505751,4026
1,SE,MTB,PM2.5,3.4123762376237625,5.853631369947967,4646
1,SE,MTB,NO2,3.522774498229044,5.482547656660731,4235
1,SE,MTB,CO,0.0921427115188583,0.1593000105904204,4905
1,SE,MTB,NO,4.490180531837034,9.797793981012486,4099
1,SE,MTB,NOX,6.638687648456057,13.16440245447445,3368
1,SE,NN,PM2.5,3.420871717606543,5.956876586754463,4646
1,SE,NN,NO2,3.3782762691853603,5.646616146676722,4235
1,SE,NN,CO,0.09099694189602447,0.16710108521771433,4905
1,SE,NN,NO,4.357233471578435,10.482044848729808,4099
1,SE,NN,NOX,6.421733966745842,13.756668216815925,3368
1,SE,Iterative,PM2.5,11.356979027400602,15.067265399410749,4646
1,SE,Iterative,NO2,3.1504040557495125,6.420849148992108,4235
1,SE,Iterative,CO,0.8712995637296729,1.0869829404614206,4905
1,SE,Iterative,NO,4.413899292660043,11.022919971376743,4099
1,SE,Iterative,NOX,2.5419265149915256,7.3844044551345736,3368
1,SO,MTB,PM2.5,5.3636669426619745,9.031449814590523,4831
1,SO,MTB,NO2,3.4280919395465994,5.631470930447053,4764
1,SO,MTB,CO,0.15279037433155082,0.3174921195703994,4675
1,SO,MTB,NO,6.846856644074759,17.714292917078687,4869
1,SO,MTB,NOX,10.122672279792745,23.423003037651117,3860
1,SO,NN,PM2.5,5.364818878079073,9.898702555127684,4831
1,SO,NN,NO2,3.2827120067170443,5.692486227848086,4764
1,SO,NN,CO,0.15215614973262032,0.3280426149439297,4675
1,SO,NN,NO,6.306945984801807,18.556367457514956,4869
1,SO,NN,NOX,9.761670984455959,24.53272744057568,3860
1,SO,Iterative,PM2.5,15.570170740096279,20.13548028351873,4831
1,SO,Iterative,NO2,4.169934008553695,8.340159579543736,4764
1,SO,Iterative,CO,0.8318373543552522,1.044639858781417,4675
1,SO,Iterative,NO,6.00878396662479,14.668007201931674,4869
1,SO,Iterative,NOX,3.851568923370893,10.376704322031722,3860
2,CE,MTB,PM2.5,4.290457474226804,6.639719560973015,4656
2,CE,MTB,NO2,3.651928783382789,5.625770240703662,5055
2,CE,MTB,CO,0.10856457493763194,0.17842707601318594,5211
2,CE,MTB,NO,3.6265854162363147,7.479751569167215,4841
2,CE,MTB,NOX,5.727550295857988,9.69519346539103,4225
2,CE,NN,PM2.5,4.382083333333333,7.441753966963097,4656
2,CE,NN,NO2,3.508763600395648,5.848516681931653,5055
2,CE,NN,CO,0.10577432354634428,0.18656316523610192,5211
2,CE,NN,NO,3.4961784755215866,7.718579381723595,4841
2,CE,NN,NOX,5.684118343195267,10.566365976097382,4225
2,CE,Iterative,PM2.5,14.208840717972807,18.119336501039626,4656
2,CE,Iterative,NO2,4.501988049825909,7.196457909913234,5055
2,CE,Iterative,CO,1.0327291486512298,1.3026757237399746,5211
2,CE,Iterative,NO,4.652327454529107,8.421305145791331,4841
2,CE,Iterative,NOX,4.046693074194649,7.187280909028441,4225
2,NE,MTB,PM2.5,4.19624369578374,7.217581652480833,4957
2,NE,MTB,NO2,3.3682398864442864,5.057805841373083,4227
2,NE,MTB,CO,0.12170308888421937,0.2612153472887305,4759
2,NE,MTB,NO,4.343879104153077,12.2473420132021,4599
2,NE,MTB,NOX,6.944541420118343,14.602657996478936,3380
2,NE,NN,PM2.5,4.22755093806738,7.914949322381825,4957
2,NE,NN,NO2,3.1893778093210314,5.291259626614744,4227
2,NE,NN,CO,0.11898087833578481,0.2852488471702126,4759
2,NE,NN,NO,3.9735812133072406,12.740206322617272,4599
2,NE,NN,NOX,6.822692307692309,14.914846362327516,3380
2,NE,Iterative,PM2.5,14.649813059049343,18.90165350617055,4957
2,NE,Iterative,NO2,3.403669791989552,6.999569095096861,4227
2,NE,Iterative,CO,0.9927778047282574,1.2543687412702618,4759
2,NE,Iterative,NO,5.230044804543893,13.17133143142504,4599
2,NE,Iterative,NOX,2.7188644740336674,8.91607364143032,3380
2,NE2,MTB,PM2.5,6.359954864593782,9.100536897098234,3988
2,NE2,MTB,NO2,3.834880537580886,5.510074656730853,4018
2,NE2,MTB,CO,0.15503204419889502,0.26108071189106824,4525
2,NE2,MTB,NO,6.701117179741808,13.03574634307347,4028
2,NE2,MTB,NOX,9.254768561665113,15.380300011899712,3219
2,NE2,NN,PM2.5,6.498244734202608,9.89061285603698,3988
2,NE2,NN,NO2,3.7931806869089097,5.850164109621817,4018
2,NE2,NN,CO,0.15651049723756907,0.26453190180358815,4525
2,NE2,NN,NO,6.360079443892751,14.06003654357814,4028
2,NE2,NN,NOX,9.090525007766388,16.626412026869538,3219
2,NE2,Iterative,PM2.5,15.654877826082128,20.115897530297854,3988
2,NE2,Iterative,NO2,3.6923819706958105,7.6114741119074605,4018
2,NE2,Iterative,CO,0.9392911333362343,1.2096061913681404,4525
2,NE2,Iterative,NO,5.334223898141343,12.336541230909246,4028
2,NE2,Iterative,NOX,2.797275641889274,8.352698440853969,3219
2,NO,MTB,PM2.5,4.88322107369123,7.59327493958323,2999
2,NO,MTB,NO2,3.0937196896217265,5.019044839979276,4124
2,NO,MTB,CO,0.17318284993694832,0.2961097918462649,3965
2,NO,MTB,NO,4.710734072022161,15.914757418617606,4332
2,NO,MTB,NOX,6.741719378953423,14.310642782113694,3478
2,NO,NN,PM2.5,5.0809869956652225,8.410293376465892,2999
2,NO,NN,NO2,2.972187196896217,5.105083191662251,4124
2,NO,NN,CO,0.1725977301387137,0.3225687801177967,3965
2,NO,NN,NO,4.642867036011081,16.413292489933603,4332
2,NO,NN,NOX,6.6087981598619905,15.22031533345856,3478
2,NO,Iterative,PM2.5,15.797632450293081,20.156886514259543,2999
2,NO,Iterative,NO2,3.6714295121566534,7.698212862605073,4124
2,NO,Iterative,CO,0.701256511827795,0.879488286228209,3965
2,NO,Iterative,NO,4.823262304769412,11.541717851080774,4332
2,NO,Iterative,NOX,3.0841263570178246,8.013211040451747,3478
2,NO2,MTB,PM2.5,3.2822563098346387,5.541841404941889,4596
2,NO2,MTB,NO2,2.5574956483899043,4.163298486336998,4596
2,NO2,MTB,CO,0.11482388973966308,0.2367458203663783,5224
2,NO2,MTB,NO,4.15234342596433,10.962088197242853,4822
2,NO2,MTB,NOX,6.037704918032787,12.651942902775914,4026
2,NO2,NN,PM2.5,3.3062489120974763,6.1375925383738075,4596
2,NO2,NN,NO2,2.533703220191471,4.48417267873425,4596
2,NO2,NN,CO,0.11270482388973967,0.22880561608941813,5224
2,NO2,NN,NO,4.055246785566156,12.462136598935796,4822
2,NO2,NN,NOX,5.7825881768504725,13.323081037278193,4026
2,NO2,Iterative,PM2.5,13.089502834845998,17.330114904143482,4596
2,NO2,Iterative,NO2,3.7106732733960364,7.527515350055491,4596
2,NO2,Iterative,CO,0.9334761716666224,1.1762215303423615,5224
2,NO2,Iterative,NO,5.818144142130315,12.469438324997391,4822
2,NO2,Iterative,NOX,4.037647465258837,11.89950941549468,4026
2,SE,MTB,PM2.5,3.493114507102884,5.656005417959716,4646
2,SE,MTB,NO2,3.533400236127509,5.3218321915344555,4235
2,SE,MTB,CO,0.09316207951070338,0.15543047978723779,4905
2,SE,MTB,NO,4.297816540619663,10.165414141560174,4099
2,SE,MTB,NOX,6.382111045130641,11.375369763769013,3368
2,SE,NN,PM2.5,3.4214248816185964,6.014674746955644,4646
2,SE,NN,NO2,3.3198819362455727,5.546861861026725,4235
2,SE,NN,CO,0.09209582059123343,0.16557914300837642,4905
2,SE,NN,NO,3.9620639180287873,9.985371955321373,4099
2,SE,NN,NOX,6.019418052256532,12.051969315035045,3368
2,SE,Iterative,PM2.5,11.666712212815597,15.149901819426695,4646
2,SE,Iterative,NO2,3.260505279158601,6.589929853844088,4235
2,SE,Iterative,CO,0.8748359929056275,1.0985894210499458,4905
2,SE,Iterative,NO,3.9887290970403604,9.471045167318806,4099
2,SE,Iterative,NOX,2.5183996052445616,6.813734971915499,3368
2,SO,MTB,PM2.5,4.849143034568412,8.099153471127206,4831
2,SO,MTB,NO2,3.369719773719564,5.317794331370843,4764
2,SO,MTB,CO,0.14611336898395721,0.28926606371120217,4675
2,SO,MTB,NO,7.691864859314028,21.588521507149437,4869
2,SO,MTB,NOX,9.784891191709843,23.52806379893898,3860
2,SO,NN,PM2.5,4.91051749120265,8.820862146318063,4831
2,SO,NN,NO2,3.316481947313182,5.539153314047548,4764
2,SO,NN,CO,0.1443679144385027,0.30084579523963595,4675
2,SO,NN,NO,7.256132676114192,22.618670537191036,4869
2,SO,NN,NOX,9.570759067357514,24.750785321188175,3860
2,SO,Iterative,PM2.5,14.94443071459273,19.190490609970485,4831
2,SO,Iterative,NO2,4.212278515530657,8.432792637550182,4764
2,SO,Iterative,CO,0.840498299443922,1.0384327674905196,4675
2,SO,Iterative,NO,5.709598151626732,14.669706051216128,4869
2,SO,Iterative,NOX,3.8663439646486366,11.782496986797907,3860
3,CE,MTB,PM2.5,4.340766752577319,7.2144209007071485,4656
3,CE,MTB,NO2,3.73728981206726,5.750763248702824,5055
3,CE,MTB,CO,0.10365668777585878,0.23315659685431972,5211
3,CE,MTB,NO,3.725428630448255,7.844239581282047,4841
3,CE,MTB,NOX,6.474544378698224,10.97739088540112,4225
3,CE,NN,PM2.5,4.299523195876289,7.803368124134349,4656
3,CE,NN,NO2,3.615450049455984,6.023491598614185,5055
3,CE,NN,CO,0.10286125503742084,0.31756065669004585,5211
3,CE,NN,NO,3.4995662053294767,8.111816175235598,4841
3,CE,NN,NOX,6.275739644970415,11.643631065037154,4225
3,CE,Iterative,PM2.5,13.725950499498678,17.526178916536196,4656
3,CE,Iterative,NO2,4.58496816334546,7.404045148235641,5055
3,CE,Iterative,CO,1.0504144379451035,1.3394340411119674,5211
3,CE,Iterative,NO,4.713193697161453,9.410257080810098,4841
3,CE,Iterative,NOX,4.103368883264717,7.424457612991072,4225
3,NE,MTB,PM2.5,5.065078676618923,19.98515997737226,4957
3,NE,MTB,NO2,3.2168086113082563,4.806725891112128,4227
3,NE,MTB,CO,0.12121874343349442,0.3210328859937446,4759
3,NE,MTB,NO,3.8516090454446616,9.703171478806244,4599
3,NE,MTB,NOX,6.4137573964497046,12.755290757473634,3380
3,NE,NN,PM2.5,4.735668751260843,14.82389658101621,4957
3,NE,NN,NO2,3.178708303761533,5.170378864371116,4227
3,NE,NN,CO,0.11350914057575122,0.2896792684814339,4759
3,NE,NN,NO,3.666818873668188,10.844488611564767,4599
3,NE,NN,NOX,6.29301775147929,13.754921873265765,3380
3,NE,Iterative,PM2.5,14.534817141772322,28.37818983380761,4957
3,NE,Iterative,NO2,3.175718757296855,6.582930466575899,4227
3,NE,Iterative,CO,1.0105095219624827,1.309518362427732,4759
3,NE,Iterative,NO,5.014297880006158,11.556031393790844,4599
3,NE,Iterative,NOX,2.545870626089201,7.144183913573116,3380
3,NE2,MTB,PM2.5,6.472668004012036,9.32774197278917,3988
3,NE2,MTB,NO2,3.729056744649079,5.379123604881683,4018
3,NE2,MTB,CO,0.16526187845303866,0.3385117411479661,4525
3,NE2,MTB,NO,5.995146474677259,11.502377700961267,4028
3,NE2,MTB,NOX,9.22134203168686,15.922362751838007,3219
3,NE2,NN,PM2.5,6.7530090270812435,10.284481595348167,3988
3,NE2,NN,NO2,3.758113489298158,5.827566397260936,4018
3,NE2,NN,CO,0.16792928176795582,0.41656432186895653,4525
3,NE2,NN,NO,5.722840119165839,11.344551251517702,4028
3,NE2,NN,NOX,8.825163094128612,16.15501734059515,3219
3,NE2,Iterative,PM2.5,15.62026105478634,20.30654730576877,3988
3,NE2,Iterative,NO2,3.7562258248753735,7.539707679422286,4018
3,NE2,Iterative,CO,0.9279706941108968,1.1996020878987892,4525
3,NE2,Iterative,NO,4.9841203843494775,12.060406067196721,4028
3,NE2,Iterative,NOX,2.9790464739168985,8.062932380838511,3219
3,NO,MTB,PM2.5,4.829421473824608,7.319882062993823,2999
3,NO,MTB,NO2,3.0522429679922407,4.981451835648182,4124
3,NO,MTB,CO,0.16825094577553595,0.2921609167240445,3965
3,NO,MTB,NO,4.44317867036011,11.81285141547855,4332
3,NO,MTB,NOX,6.677932719953996,12.741618951599639,3478
3,NO,NN,PM2.5,5.177512504168056,8.146440316478316,2999
3,NO,NN,NO2,3.01988360814743,5.470215623891984,4124
3,NO,NN,CO,0.16265321563682222,0.29647649184104935,3965
3,NO,NN,NO,4.419598337950138,12.502256952294667,4332
3,NO,NN,NOX,6.457619321449108,13.697685990528186,3478
3,NO,Iterative,PM2.5,15.84988921527894,21.02442138180356,2999
3,NO,Iterative,NO2,3.8047317385915234,7.856042907677169,4124
3,NO,Iterative,CO,0.7035257740015554,0.8785400439558766,3965
3,NO,Iterative,NO,4.617801897622179,11.472255319144532,4332
3,NO,Iterative,NOX,3.4787734683521814,9.93438267236026,3478
3,NO2,MTB,PM2.5,3.269955395996518,5.21586113725976,4596
3,NO2,MTB,NO2,2.4177110530896435,3.925697927892796,4596
3,NO2,MTB,CO,0.11853177641653906,0.2316295517292714,5224
3,NO2,MTB,NO,4.009850684363335,10.547243463116859,4822
3,NO2,MTB,NOX,5.847242921013413,12.561706559383309,4026
3,NO2,NN,PM2.5,3.2055722367275896,5.552855899259951,4596
3,NO2,NN,NO2,2.3259138381201043,4.099250340091438,4596
3,NO2,NN,CO,0.11977794793261869,0.24786322674621877,5224
3,NO2,NN,NO,3.8808585649108256,10.789225023476753,4822
3,NO2,NN,NOX,5.887928464977645,14.315737937926983,4026
3,NO2,Iterative,PM2.5,13.176389266461728,16.909075162671964,4596
3,NO2,Iterative,NO2,3.866938222217778,7.784031158261994,4596
3,NO2,Iterative,CO,0.9458516881087808,1.1951986041556857,5224
3,NO2,Iterative,NO,6.087023305886273,12.534793332738237,4822
3,NO2,Iterative,NOX,4.3545810380088374,12.692646867186195,4026
3,SE,MTB,PM2.5,3.402878820490744,5.44274272293311,4646
3,SE,MTB,NO2,3.3115938606847695,5.127473860842643,4235
3,SE,MTB,CO,0.10411009174311926,0.5438910759963065,4905
3,SE,MTB,NO,4.5587460356184435,10.057907294568448,4099
3,SE,MTB,NOX,6.38479809976247,12.321198697835529,3368
3,SE,NN,PM2.5,3.4370081790787776,6.248426567334354,4646
3,SE,NN,NO2,3.1322786304604486,5.19811336222714,4235
3,SE,NN,CO,0.10167787971457697,0.548731667033814,4905
3,SE,NN,NO,4.244059526713833,10.472285477055827,4099
3,SE,NN,NOX,6.275920427553444,13.163809774044172,3368
3,SE,Iterative,PM2.5,11.202029711220021,14.466728484015743,4646
3,SE,Iterative,NO2,3.1873780565365517,6.398250245749699,4235
3,SE,Iterative,CO,0.8675542656664474,1.1899079344844066,4905
3,SE,Iterative,NO,4.486296669389605,11.298191660648664,4099
3,SE,Iterative,NOX,2.401165618252667,6.706888365801643,3368
3,SO,MTB,PM2.5,5.373353342993169,9.312286839599867,4831
3,SO,MTB,NO2,3.3523152814861463,5.399928647454395,4764
3,SO,MTB,CO,0.15672406417112297,0.30766960020076817,4675
3,SO,MTB,NO,7.7459272951324705,20.94912566903404,4869
3,SO,MTB,NOX,9.18913860103627,20.133267084700535,3860
3,SO,NN,PM2.5,5.375582695094184,10.216383893291328,4831
3,SO,NN,NO2,3.3331780014693537,5.823173724399986,4764
3,SO,NN,CO,0.15222032085561496,0.3137224155375181,4675
3,SO,NN,NO,7.361856644074758,22.38613846556538,4869
3,SO,NN,NOX,8.74068134715026,21.242540394437913,3860
3,SO,Iterative,PM2.5,15.527509991077508,20.161891759696378,4831
3,SO,Iterative,NO2,4.0048629352845735,8.248365008592762,4764
3,SO,Iterative,CO,0.8433324355272473,1.0470755131023166,4675
3,SO,Iterative,NO,6.422627777816586,17.472434324271187,4869
3,SO,Iterative,NOX,3.9899956137534605,11.996713795001417,3860
4,CE,MTB,PM2.5,3.9820736683848805,6.206386819641987,4656
4,CE,MTB,NO2,3.6541246290801186,5.432408245629281,5055
4,CE,MTB,CO,0.10121281903665325,0.24345701937716765,5211
4,CE,MTB,NO,3.7954244990704393,8.145004190659092,4841
4,CE,MTB,NOX,6.028532544378699,10.236257434833757,4225
4,CE,NN,PM2.5,4.120786082474226,6.739554269577278,4656
4,CE,NN,NO2,3.5707220573689415,5.757399745533691,5055
4,CE,NN,CO,0.1018211475724429,0.255102787822153,5211
4,CE,NN,NO,3.611072092542863,8.847121776402922,4841
4,CE,NN,NOX,5.918390532544379,10.90286797945911,4225
4,CE,Iterative,PM2.5,14.043662826639169,17.788820740211346,4656
4,CE,Iterative,NO2,4.583389982500351,7.4253230618714925,5055
4,CE,Iterative,CO,1.0433537252215874,1.3180789135765232,5211
4,CE,Iterative,NO,4.735329871670106,8.269283686857028,4841
4,CE,Iterative,NOX,4.302319892238688,7.865458054570338,4225
4,NE,MTB,PM2.5,3.9732277587250353,6.4072521826895645,4957
4,NE,MTB,NO2,3.2667376389874616,5.029539310220587,4227
4,NE,MTB,CO,0.11876444631225049,0.22957675044623035,4759
4,NE,MTB,NO,4.160665362035226,11.000107186810986,4599
4,NE,MTB,NOX,6.958091715976331,13.577978303948097,3380
4,NE,NN,PM2.5,4.0395924954609645,7.00836519390534,4957
4,NE,NN,NO2,3.1059380175065057,5.262087260522682,4227
4,NE,NN,CO,0.1153939903341038,0.25128934172242684,4759
4,NE,NN,NO,4.074820613176778,11.873094175353097,4599
4,NE,NN,NOX,6.619792899408283,13.826808815190667,3380
4,NE,Iterative,PM2.5,14.715222659169319,18.88331207417347,4957
4,NE,Iterative,NO2,3.311798215496229,6.7755821060172945,4227
4,NE,Iterative,CO,0.9889092312197111,1.2548080277572988,4759
4,NE,Iterative,NO,5.1784282718855295,12.441116021672478,4599
4,NE,Iterative,NOX,2.381535135077174,7.772386724868523,3380
4,NE2,MTB,PM2.5,6.591900702106319,9.538606688225382,3988
4,NE2,MTB,NO2,3.6888875062220006,5.361993680708342,4018
4,NE2,MTB,CO,0.16181657458563536,0.2896334318787775,4525
4,NE2,MTB,NO,6.366410129096326,11.772815485634203,4028
4,NE2,MTB,NOX,9.528922025473749,14.870484975022094,3219
4,NE2,NN,PM2.5,7.122868605817453,10.77414714676854,3988
4,NE2,NN,NO2,3.639671478347436,5.6101060769050015,4018
4,NE2,NN,CO,0.1641038674033149,0.307743632990853,4525
4,NE2,NN,NO,6.210650446871897,13.145460833169194,4028
4,NE2,NN,NOX,9.206150978564771,16.33883912249482,3219
4,NE2,Iterative,PM2.5,16.48452410689326,20.949942120667302,3988
4,NE2,Iterative,NO2,3.941090808404531,8.036280337982026,4018
4,NE2,Iterative,CO,0.9246045902179794,1.2455663402483457,4525
4,NE2,Iterative,NO,5.114089935346708,11.94405050534622,4028
4,NE2,Iterative,NOX,3.113197806572863,8.942225728299686,3219
4,NO,MTB,PM2.5,5.567499166388797,11.545083491871251,2999
4,NO,MTB,NO2,3.175351600387973,4.894012516448464,4124
4,NO,MTB,CO,0.17624842370744012,0.3107080653789841,3965
4,NO,MTB,NO,4.374434441366574,10.819191983055157,4332
4,NO,MTB,NOX,6.906555491661875,16.91115900034368,3478
4,NO,NN,PM2.5,5.635245081693897,12.64277440470311,2999
4,NO,NN,NO2,3.1079776915615906,5.37237676496657,4124
4,NO,NN,CO,0.17643127364438838,0.3298521584074492,3965
4,NO,NN,NO,4.0685595567867034,11.374465579563871,4332
4,NO,NN,NOX,6.963858539390454,17.846975975395942,3478
4,NO,Iterative,PM2.5,15.659835078002741,21.589013044582504,2999
4,NO,Iterative,NO2,3.533991502690107,7.156356382797413,4124
4,NO,Iterative,CO,0.710830275885223,0.8995359596303955,3965
4,NO,Iterative,NO,4.969620250256188,12.184005199566437,4332
4,NO,Iterative,NOX,3.410523717183476,9.89944597712153,3478
4,NO2,MTB,PM2.5,3.329893385552654,5.679681573689061,4596
4,NO2,MTB,NO2,2.3536009573542214,3.848509779633392,4596
4,NO2,MTB,CO,0.1159418070444104,0.22196629729824754,5224
4,NO2,MTB,NO,4.574491912069681,14.092739474270868,4822
4,NO2,MTB,NOX,5.8952434177844015,12.73658536192373,4026
4,NO2,NN,PM2.5,3.364904264577894,6.193260191657265,4596
4,NO2,NN,NO2,2.3075282854656227,4.005104445429477,4596
4,NO2,NN,CO,0.11613897396630934,0.24099021254423036,5224
4,NO2,NN,NO,4.410555785980921,15.010176625299506,4822
4,NO2,NN,NOX,5.88939393939394,14.011851576436976,4026
4,NO2,Iterative,PM2.5,13.24851087243541,17.3406384789236,4596
4,NO2,Iterative,NO2,4.058077928503885,8.288651157752874,4596
4,NO2,Iterative,CO,0.9238389260288857,1.1529070141494417,5224
4,NO2,Iterative,NO,6.183119687257632,13.645365610128898,4822
4,NO2,Iterative,NOX,4.990697780235421,14.723227620516607,4026
4,SE,MTB,PM2.5,3.305676926388291,5.2763697877524836,4646
4,SE,MTB,NO2,3.3466351829988192,5.142591328562791,4235
4,SE,MTB,CO,0.09174821610601426,0.16820284402477392,4905
4,SE,MTB,NO,4.064893876555257,9.429946769320214,4099
4,SE,MTB,NOX,6.919210213776722,12.475723992338747,3368
4,SE,NN,PM2.5,3.354130434782609,5.587457043781176,4646
4,SE,NN,NO2,3.195159386068477,5.312190209038188,4235
4,SE,NN,CO,0.08749439347604485,0.17122536133089342,4905
4,SE,NN,NO,3.835740424493779,9.85236630140237,4099
4,SE,NN,NOX,6.5197743467933496,12.799047758151362,3368
4,SE,Iterative,PM2.5,11.552820384540777,14.644051405259562,4646
4,SE,Iterative,NO2,3.127475717948109,6.578519576007385,4235
4,SE,Iterative,CO,0.8780545830410655,1.0969797082964183,4905
4,SE,Iterative,NO,4.239979416437067,9.955487265605687,4099
4,SE,Iterative,NOX,2.4777883702539483,6.700590437858953,3368
4,SO,MTB,PM2.5,5.166134340716208,8.475145334707921,4831
4,SO,MTB,NO2,3.3807913518052057,5.376851882569063,4764
4,SO,MTB,CO,0.15417433155080215,0.31064988804307736,4675
4,SO,MTB,NO,6.267423495584309,17.76610019005963,4869
4,SO,MTB,NOX,9.481751295595856,21.425903837081297,3860
4,SO,NN,PM2.5,5.119650175947009,9.191133225728503,4831
4,SO,NN,NO2,3.3890994962216623,5.770196733218928,4764
4,SO,NN,CO,0.149820320855615,0.3170590457669893,4675
4,SO,NN,NO,5.820776340110906,17.551231819610425,4869
4,SO,NN,NOX,9.203696891450777,21.664065859394118,3860
4,SO,Iterative,PM2.5,15.197923764125251,19.437099649239613,4831
4,SO,Iterative,NO2,4.154399781816779,8.418277330783935,4764
4,SO,Iterative,CO,0.8299958456272069,1.0333339201495817,4675
4,SO,Iterative,NO,5.724722002047423,13.815909997443837,4869
4,SO,Iterative,NOX,3.3054123259930828,9.526276779639984,3860
