station,pollutant,month,auc,mean,p50,p90,max_diario,valid_hours
CE,CO,2020-01-01,1916.3700000000001,2.5757661290322584,2.545,3.777,5.34,744.0
CE,CO,2020-02-01,1789.225,2.5707255747126436,2.54,3.035,4.55,696.0
CE,CO,2020-03-01,2421.8,3.2551075268817207,3.26,3.73,4.53,744.0
CE,CO,2020-04-01,630.7875,0.87609375,0.81,1.19,3.54,720.0
CE,CO,2020-05-01,1072.4274999999998,1.4414348118279567,1.46,1.7,2.36,744.0
CE,CO,2020-06-01,1397.025,1.9403125,1.9,2.3,2.93,720.0
CE,CO,2020-07-01,1470.24,2.1093830703012912,2.16,2.46,3.43,697.0
CE,CO,2024-01-01,1548.645,2.0815120967741936,1.95,2.704000000000001,5.63,744.0
CE,CO,2024-02-01,1499.3975,2.154306752873563,2.1,2.64,3.79,696.0
CE,CO,2024-03-01,1805.71,2.4270295698924733,2.39,2.754000000000001,3.69,744.0
CE,CO,2024-04-01,1790.415,2.4866875,2.49,2.85,3.32,720.0
CE,CO,2024-05-01,1675.3300000000002,2.2517876344086023,2.7,3.01,4.09,744.0
CE,CO,2024-06-01,661.66,0.9189722222222222,0.66,1.98,2.7,720.0
CE,CO,2024-07-01,386.96250000000003,0.5551829268292683,0.53,0.78,1.59,697.0
CE,CO,2025-01-01,1706.21,2.2932930107526883,2.2,2.8270000000000004,3.69,744.0
CE,CO,2025-02-01,1404.275,2.3096628289473684,2.84,3.34,4.99,608.0
CE,CO,2025-03-01,834.4100000000001,1.1215188172043011,1.16,1.5170000000000006,3.62,744.0
CE,CO,2025-04-01,970.16,1.3474444444444444,1.34,1.54,1.94,720.0
CE,CO,2025-05-01,764.7950000000001,1.0279502688172044,1.02,1.45,2.31,744.0
CE,CO,2025-06-01,934.7850000000001,1.2983125000000002,1.26,1.6010000000000004,2.17,720.0
CE,NO,2020-01-01,6964.775,9.361256720430108,5.0,21.7,88.2,744.0
CE,NO,2020-02-01,5471.525000000001,7.861386494252875,4.7,16.25,69.7,696.0
CE,NO,2020-03-01,3186.5750000000003,4.323710990502035,2.7,8.379999999999995,54.7,737.0
CE,NO,2020-04-01,1618.0500000000002,2.6352605863192187,2.1,4.4,19.3,614.0
CE,NO,2020-05-01,1660.45,2.4635756676557863,1.8,4.6,15.6,674.0
CE,NO,2020-06-01,1932.95,2.842573529411765,1.8,6.610000000000002,60.1,680.0
CE,NO,2020-07-01,1644.4,2.4289512555391433,1.6,5.2,12.7,677.0
CE,NO,2024-01-01,14500.025,19.489280913978494,8.9,49.24000000000001,288.4,744.0
CE,NO,2024-02-01,8830.4,12.68735632183908,5.55,30.6,132.0,696.0
CE,NO,2024-03-01,7413.400000000001,9.964247311827958,4.4,24.480000000000018,90.2,744.0
CE,NO,2024-04-01,4247.549999999999,5.899374999999999,3.5,13.2,43.0,720.0
CE,NO,2024-05-01,3090.95,4.188279132791328,2.7,8.1,53.3,738.0
CE,NO,2024-06-01,2951.0,4.104311543810849,2.5,9.220000000000004,36.0,719.0
CE,NO,2024-07-01,3615.5,5.187230989956959,3.0,11.8,30.3,697.0
CE,NO,2025-01-01,10554.150000000001,14.18568548387097,7.25,34.4,140.6,744.0
CE,NO,2025-02-01,10627.400000000001,15.814583333333335,7.75,35.96999999999999,160.8,672.0
CE,NO,2025-03-01,6161.1,8.416803278688525,4.4,18.879999999999995,98.8,732.0
CE,NO,2025-04-01,3951.15,5.487708333333334,3.3,12.720000000000004,46.2,720.0
CE,NO,2025-05-01,5819.099999999999,8.004264099037139,3.7,23.379999999999995,44.4,727.0
CE,NO,2025-06-01,7511.049999999999,10.745422031473533,7.6,24.7,40.2,699.0
CE,NO2,2020-01-01,8228.8,11.06021505376344,9.8,19.770000000000003,35.5,744.0
CE,NO2,2020-02-01,6690.200000000001,9.612356321839082,8.5,16.65,29.6,696.0
CE,NO2,2020-03-01,5200.125,6.989415322580645,6.3,12.270000000000005,21.9,744.0
CE,NO2,2020-04-01,2498.3,5.8783529411764714,4.9,10.260000000000002,22.5,425.0
CE,NO2,2020-05-01,4707.7,6.32755376344086,4.8,12.6,26.9,744.0
CE,NO2,2020-06-01,3468.175,4.968732091690545,3.8,9.630000000000006,24.6,698.0
CE,NO2,2020-07-01,2971.725,4.389549483013294,3.3,9.0,20.0,677.0
CE,NO2,2024-01-01,18081.675,24.303326612903223,21.7,41.48000000000002,92.2,744.0
CE,NO2,2024-02-01,15500.649999999998,22.271048850574708,20.1,38.849999999999994,61.6,696.0
CE,NO2,2024-03-01,12630.2,16.976075268817205,14.4,31.110000000000014,61.8,744.0
CE,NO2,2024-04-01,10450.7,14.514861111111113,11.7,26.5,60.0,720.0
CE,NO2,2024-05-01,9392.525,12.624361559139784,10.5,23.6,58.8,744.0
CE,NO2,2024-06-01,8284.925,11.506840277777776,9.149999999999999,22.3,48.7,720.0
CE,NO2,2024-07-01,8495.5,12.188665710186514,11.0,20.1,50.5,697.0
CE,NO2,2025-01-01,17197.149999999998,23.114448924731178,22.3,36.870000000000005,61.8,744.0
CE,NO2,2025-02-01,17685.950000000004,26.318377976190483,23.799999999999997,43.68,96.6,672.0
CE,NO2,2025-03-01,14342.85,19.278024193548386,16.25,35.98000000000002,61.0,744.0
CE,NO2,2025-04-01,10082.65,14.003680555555555,11.350000000000001,26.91,59.3,720.0
CE,NO2,2025-05-01,10291.8,13.833064516129031,11.55,25.3,74.2,744.0
CE,NO2,2025-06-01,5362.675000000001,7.448159722222224,5.9,15.4,28.2,720.0
CE,NOX_final,2020-01-01,15081.4,20.27069892473118,15.05,41.210000000000015,102.2,744.0
CE,NOX_final,2020-02-01,11936.2,17.14971264367816,13.5,31.299999999999997,76.8,696.0
CE,NOX_final,2020-03-01,8390.45,11.277486559139787,9.149999999999999,20.0,68.0,744.0
CE,NOX_final,2020-04-01,4509.95,6.343108298171589,5.7,13.25,33.9,711.0
CE,NOX_final,2020-05-01,6497.25,8.732862903225806,6.6,16.270000000000003,41.4,744.0
CE,NOX_final,2020-06-01,5526.975,7.676354166666667,5.5,15.71,67.1,720.0
CE,NOX_final,2020-07-01,4590.700000000001,6.780945347119647,4.8,14.2,25.5,677.0
CE,NOX_final,2024-01-01,32601.15,43.81875,33.05,88.54,362.4,744.0
CE,NOX_final,2024-02-01,24295.4,34.90718390804598,27.0,68.30000000000001,177.6,696.0
CE,NOX_final,2024-03-01,19664.300000000003,26.430510752688175,19.5,51.57,122.89999999999999,744.0
CE,NOX_final,2024-04-01,14700.6,20.4175,15.399999999999999,40.31,85.4,720.0
CE,NOX_final,2024-05-01,12699.075,17.06864919354839,13.45,30.8,91.69999999999999,744.0
CE,NOX_final,2024-06-01,11566.324999999999,16.064340277777777,12.0,31.42,80.5,720.0
CE,NOX_final,2024-07-01,12111.100000000002,17.37604017216643,14.1,31.2,63.3,697.0
CE,NOX_final,2025-01-01,27919.650000000005,37.526411290322585,32.3,68.9,181.5,744.0
CE,NOX_final,2025-02-01,28450.600000000002,42.337202380952384,35.150000000000006,77.25999999999999,226.8,672.0
CE,NOX_final,2025-03-01,21298.75,28.627352150537636,21.2,54.81000000000002,191.55,744.0
CE,NOX_final,2025-04-01,14051.7,19.51625,15.3,37.1,86.0,720.0
CE,NOX_final,2025-05-01,13833.3,18.593145161290323,15.0,34.77,89.9,744.0
CE,NOX_final,2025-06-01,8210.925,11.404062499999998,8.7,24.020000000000003,48.8,720.0
CE,O3,2020-01-01,17645.5,23.71706989247312,21.0,47.0,99.0,744.0
CE,O3,2020-02-01,18342.5,26.354166666666668,21.0,54.5,98.0,696.0
CE,O3,2020-03-01,23681.25,31.829637096774192,27.0,58.0,111.0,744.0
CE,O3,2020-04-01,29023.25,40.310069444444444,39.0,66.0,139.0,720.0
CE,O3,2020-05-01,34821.0,46.80241935483871,46.0,71.0,140.0,744.0
CE,O3,2020-06-01,25254.5,36.181232091690546,33.0,67.0,110.0,698.0
CE,O3,2020-07-01,12331.5,30.59925558312655,30.0,55.0,90.0,403.0
CE,O3,2024-01-01,18161.25,25.61530324400564,22.0,46.0,76.0,709.0
CE,O3,2024-02-01,22809.5,34.14595808383233,32.0,58.30000000000007,157.0,668.0
CE,O3,2024-03-01,28518.0,38.33064516129032,36.5,69.0,116.0,744.0
CE,O3,2024-04-01,28685.5,39.84097222222222,38.0,66.0,120.0,720.0
CE,O3,2024-05-01,31129.75,44.85554755043228,39.0,80.70000000000005,138.0,694.0
CE,O3,2024-06-01,20351.5,29.753654970760234,24.0,54.0,125.0,684.0
CE,O3,2024-07-01,17382.0,24.938307030129124,20.0,52.0,103.0,697.0
CE,O3,2025-01-01,15248.5,21.0034435261708,18.0,41.0,86.0,726.0
CE,O3,2025-02-01,16440.0,24.759036144578314,15.0,58.0,116.0,664.0
CE,O3,2025-03-01,24879.5,35.19024045261669,37.0,63.39999999999998,122.0,707.0
CE,O3,2025-04-01,26841.5,37.27986111111111,33.0,67.0,111.0,720.0
CE,O3,2025-05-01,28097.0,37.76478494623656,32.0,71.0,166.0,744.0
CE,O3,2025-06-01,21344.5,29.645138888888887,27.0,49.10000000000002,101.0,720.0
NE,PM2.5,2020-01-01,17806.52,23.933494623655914,16.41,53.20300000000001,107.55,744.0
NE,PM2.5,2020-02-01,15121.8875,21.947587082728592,18.13,37.554,157.01,689.0
NE,PM2.5,2020-03-01,15092.404999999999,20.28549059139785,19.314999999999998,32.69,51.16,744.0
NE,PM2.5,2020-04-01,16052.72,22.295444444444442,19.585,41.844,61.82,720.0
NE,PM2.5,2020-05-01,15116.6625,20.34544078061911,18.53,34.360000000000014,62.6,743.0
NE,PM2.5,2020-06-01,5233.445,13.628763020833333,12.95,20.108,39.03,384.0
NE,PM2.5,2020-07-01,11986.39,18.935845181674566,18.73,29.404000000000003,71.39,633.0
NE,PM2.5,2024-01-01,22519.739999999998,30.26846774193548,19.0,58.0,999.0,744.0
NE,PM2.5,2024-02-01,15784.25,22.67852011494253,20.845,40.0,96.0,696.0
NE,PM2.5,2024-03-01,14480.945,19.463635752688173,18.0,34.0,70.0,744.0
NE,PM2.5,2024-04-01,15448.810000000001,21.456680555555558,19.1775,36.0,74.0,720.0
NE,PM2.5,2024-05-01,25260.045000000002,34.04318733153639,34.0,50.0,64.0,742.0
NE,PM2.5,2024-06-01,10377.9275,22.127777185501067,18.38,44.0,59.0,469.0
NE,PM2.5,2024-07-01,14481.91,20.807341954022988,19.615000000000002,32.355000000000004,49.67,696.0
NE,PM2.5,2025-01-01,18150.085,24.395275537634408,17.884999999999998,50.15600000000001,340.25,744.0
NE,PM2.5,2025-02-01,15823.035,27.42293760831889,24.84,46.623999999999995,86.53,577.0
NE,PM2.5,2025-03-01,17059.660000000003,22.929650537634412,20.119999999999997,39.252,222.99,744.0
NE,PM2.5,2025-04-01,13446.585,18.88565308988764,18.085,30.791999999999994,51.8,712.0
NE,PM2.5,2025-05-01,15033.420000000002,20.735751724137934,19.68,33.728,63.56,725.0
NE,PM2.5,2025-06-01,8950.5225,12.553327489481065,10.79,22.734000000000005,37.0,713.0
NO2,CO,2020-01-01,1167.7350000000001,1.569536290322581,1.47,2.02,3.55,744.0
NO2,CO,2020-02-01,739.5925000000001,1.0626329022988508,0.715,2.035,16.93,696.0
NO2,CO,2020-03-01,602.625,0.8187839673913043,0.78,1.09,2.34,736.0
NO2,CO,2020-04-01,555.6025,0.7716701388888888,0.545,1.2210000000000003,5.05,720.0
NO2,CO,2020-05-01,303.44000000000005,0.4078494623655915,0.4,0.54,0.95,744.0
NO2,CO,2020-06-01,234.79000000000002,0.32609722222222226,0.3,0.4810000000000002,1.24,720.0
NO2,CO,2020-07-01,229.58999999999997,0.32939741750358675,0.3,0.47,0.79,697.0
NO2,CO,2024-01-01,1502.5500000000002,2.0195564516129036,1.85,2.72,7.53,744.0
NO2,CO,2024-02-01,1536.085,2.2070186781609196,2.08,2.665,7.17,696.0
NO2,CO,2024-03-01,1547.705,2.0802486559139783,2.0,2.41,4.3,744.0
NO2,CO,2024-04-01,1543.4299999999998,2.1436527777777776,2.11,2.4510000000000005,4.82,720.0
NO2,CO,2024-05-01,1957.4700000000003,2.6310080645161293,2.62,3.08,5.82,744.0
NO2,CO,2024-06-01,526.96,0.7318888888888889,0.7,0.96,1.56,720.0
NO2,CO,2024-07-01,614.815,0.882087517934003,0.87,1.12,2.09,697.0
NO2,CO,2025-01-01,1410.755,1.8961760752688173,1.78,2.44,4.94,744.0
NO2,CO,2025-02-01,1118.6100000000001,1.6645982142857145,1.91,2.58,4.49,672.0
NO2,CO,2025-03-01,531.375,0.7142137096774194,0.63,1.01,2.83,744.0
NO2,CO,2025-04-01,578.095,0.8029097222222222,0.77,1.0210000000000004,1.93,720.0
NO2,CO,2025-05-01,685.8499999999999,0.9218413978494623,0.875,1.17,2.91,744.0
NO2,CO,2025-06-01,366.65500000000003,0.7260495049504951,0.76,1.0760000000000003,1.96,505.0
SE,O3,2020-01-01,17104.0,23.55922865013774,22.0,44.0,90.0,726.0
SE,O3,2020-02-01,17039.0,24.765988372093023,21.0,51.0,97.0,688.0
SE,O3,2020-03-01,22645.5,30.4375,28.0,54.0,99.0,744.0
SE,O3,2020-04-01,25199.25,35.5419605077574,34.0,56.0,137.0,709.0
SE,O3,2020-05-01,27547.5,37.581855388813096,37.0,56.0,86.0,733.0
SE,O3,2020-06-01,20543.0,29.431232091690543,27.0,54.30000000000007,100.0,698.0
SE,O3,2020-07-01,17992.25,27.55321592649311,23.0,50.0,92.0,653.0
SE,O3,2024-01-01,15973.5,22.032413793103448,18.0,43.0,63.0,725.0
SE,O3,2024-02-01,19403.75,28.409590043923867,26.0,50.0,135.0,683.0
SE,O3,2024-03-01,25375.0,34.10618279569893,33.0,58.0,97.0,744.0
SE,O3,2024-04-01,25390.5,36.06605113636363,35.0,57.0,107.0,704.0
SE,O3,2024-05-01,30541.5,41.05040322580645,36.0,69.70000000000005,123.0,744.0
SE,O3,2024-06-01,19697.0,27.978693181818183,24.0,47.0,86.0,704.0
SE,O3,2024-07-01,16243.5,23.304878048780488,20.0,45.0,98.0,697.0
SE,O3,2025-01-01,15065.0,20.894590846047155,19.0,41.0,82.0,721.0
SE,O3,2025-02-01,16610.0,24.717261904761905,18.0,57.0,114.0,672.0
SE,O3,2025-03-01,23092.0,32.80113636363637,32.0,57.700000000000045,117.0,704.0
SE,O3,2025-04-01,26051.0,36.58848314606742,33.0,63.0,111.0,712.0
SE,O3,2025-05-01,26244.5,35.27486559139785,31.0,64.0,159.0,744.0
SE,O3,2025-06-01,18956.0,26.32777777777778,24.0,40.0,80.0,720.0
SO,NO,2020-01-01,371.5,0.4993279569892473,0.5,0.5,0.5,744.0
SO,NO,2020-02-01,355.5,0.5107758620689655,0.5,0.5,8.4,696.0
SO,NO,2020-03-01,371.5,0.4993279569892473,0.5,0.5,0.5,744.0
SO,NO,2020-04-01,694.3,0.9696927374301675,0.9,2.0,3.4,716.0
SO,NO,2020-05-01,1332.4499999999998,1.8714185393258425,0.95,5.15,8.4,712.0
SO,NO,2020-06-01,1004.5000000000001,1.6072000000000002,0.9,5.280000000000001,10.2,625.0
SO,NO,2020-07-01,631.95,1.694235924932976,0.6,6.080000000000001,58.1,373.0
SO,NO,2024-01-01,15757.3,28.75419708029197,11.649999999999999,80.42,362.7,548.0
SO,NO,2024-02-01,17961.75,25.807112068965516,10.649999999999999,67.9,268.6,696.0
SO,NO,2024-03-01,10704.3,14.3875,5.9,34.38000000000002,251.9,744.0
SO,NO,2024-04-01,5488.299999999999,7.622638888888888,4.0,14.6,104.8,720.0
SO,NO,2024-05-01,4171.25,5.606518817204301,3.2,9.6,79.4,744.0
SO,NO,2024-06-01,4736.15,6.577986111111111,4.074999999999999,12.21,89.7,720.0
SO,NO,2024-07-01,4260.775,6.113020086083213,3.8,12.139999999999997,56.3,697.0
SO,NO,2025-01-01,20974.1,28.19099462365591,10.75,75.56000000000003,315.8,744.0
SO,NO,2025-02-01,16876.800000000003,25.114285714285717,11.149999999999999,62.279999999999994,325.4,672.0
SO,NO,2025-03-01,16363.4,21.993817204301074,10.3,56.84000000000001,231.4,744.0
SO,NO,2025-04-01,6990.450000000001,9.708958333333335,4.2,16.71,180.9,720.0
SO,NO,2025-05-01,3351.05,5.440016233766234,3.4,9.55,58.8,616.0
SO,NO,2025-06-01,3199.95,4.444375,3.6,7.310000000000002,42.9,720.0
SO,NOX_final,2020-01-01,623.6,0.8381720430107528,0.8,1.0,1.0,744.0
SO,NOX_final,2020-02-01,616.6,0.8859195402298851,0.9,1.0,8.6,696.0
SO,NOX_final,2020-03-01,694.45,0.9334005376344087,0.9,1.0,1.0,744.0
SO,NOX_final,2020-04-01,563.25,0.7899719495091164,0.5,1.0,8.0,713.0
SO,NOX_final,2020-05-01,803.4000000000001,1.0798387096774196,0.5,0.5,18.1,744.0
SO,NOX_final,2020-06-01,1588.75,2.2065972222222223,0.5,6.6,25.1,720.0
SO,NOX_final,2020-07-01,1406.8,3.5435768261964733,0.9,11.3,56.8,397.0
SO,NOX_final,2024-01-01,29302.649999999998,53.56974405850091,36.900000000000006,121.68000000000002,418.0,547.0
SO,NOX_final,2024-02-01,34668.950000000004,49.81170977011495,35.75,104.19999999999999,295.0,696.0
SO,NOX_final,2024-03-01,24843.399999999998,33.391666666666666,22.299999999999997,69.34,295.8,744.0
SO,NOX_final,2024-04-01,16274.699999999999,22.603749999999998,16.7,43.02,169.1,720.0
SO,NOX_final,2024-05-01,14266.025000000001,19.174764784946237,15.15,30.8,114.0,744.0
SO,NOX_final,2024-06-01,12930.4,17.95888888888889,15.399999999999999,29.020000000000003,109.4,720.0
SO,NOX_final,2024-07-01,13851.525000000001,19.873063127690102,16.599999999999998,33.98,78.8,697.0
SO,NOX_final,2025-01-01,40320.100000000006,54.19368279569893,37.95,111.15000000000002,370.2,744.0
SO,NOX_final,2025-02-01,35411.8,52.696130952380955,37.65,104.07999999999998,392.3,672.0
SO,NOX_final,2025-03-01,31704.85,42.61404569892473,29.45,94.13000000000004,299.3,744.0
SO,NOX_final,2025-04-01,17958.6,24.9425,17.0,44.52,237.3,720.0
SO,NOX_final,2025-05-01,12353.474999999999,20.05434253246753,16.0,32.75,101.25,616.0
SO,NOX_final,2025-06-01,8926.35,12.397708333333334,11.149999999999999,19.4,47.7,720.0
