date,station_code,PM2.5,NO2,CO,NO,NOX,NOx_calc,NOX_filled,NOx_sum,NOX_use,NOX_source
2020-12-08 02:00:00,CE,21.74,1.0,3.74,1.8,1.2,2.8,1.2,2.8,1.2,measured
2020-12-08 03:00:00,CE,21.82,15.4,3.69,15.7,14.8,31.1,14.8,31.1,14.8,measured
2020-12-08 04:00:00,CE,15.4,15.4,3.61,15.7,14.8,31.1,14.8,31.1,14.8,measured
2020-12-08 05:00:00,CE,17.1,15.6,3.61,15.9,15.0,31.5,15.0,31.5,15.0,measured
2020-12-08 06:00:00,CE,18.3,15.8,3.6,16.0,15.1,31.8,15.1,31.8,15.1,measured
2020-12-08 07:00:00,CE,16.48,15.8,3.66,16.1,15.2,31.900000000000002,15.2,31.900000000000002,15.2,measured
2020-12-08 08:00:00,CE,18.52,15.9,3.9,16.1,15.2,32.0,15.2,32.0,15.2,measured
2020-12-08 09:00:00,CE,27.94,15.9,4.27,16.2,15.3,32.1,15.3,32.1,15.3,measured
2020-12-08 10:00:00,CE,22.69,16.0,4.24,16.3,15.3,32.3,15.3,32.3,15.3,measured
2020-12-08 14:00:00,CE,29.53,15.9,4.14,16.2,15.2,32.1,15.2,32.1,15.2,measured
2020-12-09 13:00:00,CE,62.4,15.9,4.3,16.2,15.2,32.1,15.2,32.1,15.2,measured
2020-12-09 14:00:00,CE,58.3,15.9,4.29,16.2,15.2,32.1,15.2,32.1,15.2,measured
2020-12-09 18:00:00,CE,18.55,15.8,4.21,16.1,15.1,31.900000000000002,15.1,31.900000000000002,15.1,measured
2020-12-10 14:00:00,CE,56.64,15.8,4.53,16.1,15.1,31.900000000000002,15.1,31.900000000000002,15.1,measured
2020-12-11 16:00:00,CE,,6.5,1.73,6.7,6.3,13.2,6.3,13.2,6.3,measured
2020-12-11 17:00:00,CE,,15.7,4.08,16.0,15.0,31.7,15.0,31.7,15.0,measured
2020-12-11 18:00:00,CE,20.92,15.7,4.03,16.0,15.0,31.7,15.0,31.7,15.0,measured
2020-12-12 14:00:00,CE,22.83,15.8,4.0,16.1,15.1,31.900000000000002,15.1,31.900000000000002,15.1,measured
2020-12-12 16:00:00,CE,27.07,15.7,3.93,16.0,15.0,31.7,15.0,31.7,15.0,measured
2020-12-12 20:00:00,CE,34.23,15.8,4.13,16.1,15.1,31.900000000000002,15.1,31.900000000000002,15.1,measured
2020-12-13 14:00:00,CE,8.82,15.7,3.76,16.0,15.0,31.7,15.0,31.7,15.0,measured
2020-12-13 15:00:00,CE,7.36,15.5,3.71,15.9,14.8,31.4,14.8,31.4,14.8,measured
2020-12-13 16:00:00,CE,7.61,15.4,3.69,15.7,14.7,31.1,14.7,31.1,14.7,measured
2020-12-13 17:00:00,CE,19.32,15.4,3.8,15.7,14.6,31.1,14.6,31.1,14.6,measured
2020-12-13 19:00:00,CE,17.3,15.6,3.85,15.8,14.9,31.4,14.9,31.4,14.9,measured
2020-12-13 20:00:00,CE,14.98,15.7,3.93,16.0,15.0,31.7,15.0,31.7,15.0,measured
2020-12-13 21:00:00,CE,13.16,15.8,3.91,16.0,15.1,31.8,15.1,31.8,15.1,measured
2020-12-13 22:00:00,CE,11.67,15.8,3.81,15.9,15.2,31.700000000000003,15.2,31.700000000000003,15.2,measured
2020-12-14 11:00:00,CE,25.02,15.9,4.34,15.9,15.3,31.8,15.3,31.8,15.3,measured
2020-12-14 12:00:00,CE,32.52,15.9,4.33,16.0,15.3,31.9,15.3,31.9,15.3,measured
2020-12-15 10:00:00,CE,56.81,15.8,4.74,15.9,15.2,31.700000000000003,15.2,31.700000000000003,15.2,measured
2020-12-15 11:00:00,CE,56.76,15.8,4.78,16.0,15.2,31.8,15.2,31.8,15.2,measured
2020-12-15 14:00:00,CE,86.55,15.8,5.36,15.9,15.1,31.700000000000003,15.1,31.700000000000003,15.1,measured
2020-12-16 05:00:00,CE,9.04,15.7,4.0,15.5,15.1,31.2,15.1,31.2,15.1,measured
2020-12-16 06:00:00,CE,9.09,15.8,4.13,15.6,15.2,31.4,15.2,31.4,15.2,measured
2020-12-16 07:00:00,CE,11.03,15.8,4.2,15.6,15.2,31.4,15.2,31.4,15.2,measured
2020-12-16 11:00:00,CE,20.95,15.9,4.3,16.0,15.3,31.9,15.3,31.9,15.3,measured
2020-12-16 12:00:00,CE,14.38,15.9,4.09,16.0,15.3,31.9,15.3,31.9,15.3,measured
2020-12-17 10:00:00,CE,65.62,15.9,5.08,16.1,15.3,32.0,15.3,32.0,15.3,measured
2020-12-17 17:00:00,CE,12.82,15.7,4.09,15.7,15.1,31.4,15.1,31.4,15.1,measured
2020-12-17 18:00:00,CE,12.39,15.7,4.13,15.6,15.0,31.299999999999997,15.0,31.299999999999997,15.0,measured
2020-12-18 10:00:00,CE,35.47,15.7,4.72,15.8,15.1,31.5,15.1,31.5,15.1,measured
2020-12-18 11:00:00,CE,28.59,15.8,4.82,15.9,15.2,31.700000000000003,15.2,31.700000000000003,15.2,measured
2020-12-18 12:00:00,CE,31.4,16.0,4.79,16.1,15.4,32.1,15.4,32.1,15.4,measured
2020-12-18 13:00:00,CE,34.47,15.9,4.64,16.0,15.3,31.9,15.3,31.9,15.3,measured
2020-12-18 14:00:00,CE,49.91,15.8,4.98,15.9,15.1,31.700000000000003,15.1,31.700000000000003,15.1,measured
2020-12-18 15:00:00,CE,58.49,15.7,5.19,15.9,15.0,31.6,15.0,31.6,15.0,measured
2020-12-19 10:00:00,CE,44.55,15.9,5.07,16.0,15.2,31.9,15.2,31.9,15.2,measured
2020-12-19 11:00:00,CE,43.46,15.9,5.13,16.1,15.3,32.0,15.3,32.0,15.3,measured
2020-12-19 12:00:00,CE,33.74,16.0,4.56,16.2,15.3,32.2,15.3,32.2,15.3,measured
2020-12-19 13:00:00,CE,30.43,16.0,4.41,16.2,15.4,32.2,15.4,32.2,15.4,measured
2020-12-20 03:00:00,CE,26.44,15.8,4.68,15.9,15.2,31.700000000000003,15.2,31.700000000000003,15.2,measured
2020-12-20 12:00:00,CE,22.62,16.0,4.43,16.1,15.3,32.1,15.3,32.1,15.3,measured
2020-12-20 13:00:00,CE,14.01,16.0,4.31,16.2,15.4,32.2,15.4,32.2,15.4,measured
2020-12-20 19:00:00,CE,19.82,15.9,4.47,15.9,15.3,31.8,15.3,31.8,15.3,measured
2020-12-21 11:00:00,CE,28.77,15.9,4.88,16.1,15.3,32.0,15.3,32.0,15.3,measured
2020-12-21 12:00:00,CE,30.55,16.0,4.95,16.2,15.3,32.2,15.3,32.2,15.3,measured
2020-12-22 21:00:00,CE,40.83,15.8,5.51,15.9,15.2,31.700000000000003,15.2,31.700000000000003,15.2,measured
2020-12-23 10:00:00,CE,69.86,15.9,6.36,16.1,15.2,32.0,15.2,32.0,15.2,measured
2020-12-23 11:00:00,CE,64.28,15.9,5.85,16.2,15.3,32.1,15.3,32.1,15.3,measured
2020-12-23 12:00:00,CE,45.3,16.0,5.2,16.2,15.3,32.2,15.3,32.2,15.3,measured
2020-12-23 19:00:00,CE,28.15,15.9,5.14,16.0,15.2,31.9,15.2,31.9,15.2,measured
2020-12-24 12:00:00,CE,19.58,15.9,4.38,15.9,15.3,31.8,15.3,31.8,15.3,measured
2020-12-24 18:00:00,CE,14.8,15.8,4.33,15.5,15.2,31.3,15.2,31.3,15.2,measured
2020-12-25 01:00:00,CE,41.33,15.7,4.71,15.7,15.1,31.4,15.1,31.4,15.1,measured
2020-12-25 02:00:00,CE,46.2,15.7,4.68,15.5,15.1,31.2,15.1,31.2,15.1,measured
2020-12-25 10:00:00,CE,24.85,15.8,4.45,15.7,15.2,31.5,15.2,31.5,15.2,measured
2020-12-25 11:00:00,CE,27.71,15.9,4.48,15.9,15.2,31.8,15.2,31.8,15.2,measured
2020-12-25 12:00:00,CE,27.76,15.9,4.53,15.8,15.3,31.700000000000003,15.3,31.700000000000003,15.3,measured
2020-12-25 18:00:00,CE,13.97,15.8,4.31,15.7,15.2,31.5,15.2,31.5,15.2,measured
2020-12-26 06:00:00,CE,20.17,15.5,4.38,15.3,14.9,30.8,14.9,30.8,14.9,measured
2020-12-26 07:00:00,CE,19.66,15.7,4.42,15.4,15.1,31.1,15.1,31.1,15.1,measured
2020-12-26 08:00:00,CE,29.11,15.7,4.58,15.4,15.1,31.1,15.1,31.1,15.1,measured
2020-12-26 10:00:00,CE,21.96,15.9,4.6,15.7,15.2,31.6,15.2,31.6,15.2,measured
2020-12-26 11:00:00,CE,36.18,15.9,5.0,15.8,15.3,31.700000000000003,15.3,31.700000000000003,15.3,measured
2020-12-26 12:00:00,CE,35.04,16.0,4.88,15.9,15.3,31.9,15.3,31.9,15.3,measured
2020-12-26 13:00:00,CE,38.46,16.0,4.99,16.0,15.4,32.0,15.4,32.0,15.4,measured
2020-12-26 17:00:00,CE,27.1,16.0,4.6,16.0,15.3,32.0,15.3,32.0,15.3,measured
2020-12-26 20:00:00,CE,20.48,15.9,4.61,15.6,15.2,31.5,15.2,31.5,15.2,measured
2020-12-27 09:00:00,CE,20.31,15.9,4.54,15.7,15.2,31.6,15.2,31.6,15.2,measured
2020-12-27 10:00:00,CE,19.03,15.9,4.58,15.9,15.3,31.8,15.3,31.8,15.3,measured
2020-12-27 11:00:00,CE,22.49,16.0,4.54,16.1,15.3,32.1,15.3,32.1,15.3,measured
2020-12-27 12:00:00,CE,25.04,16.1,4.59,16.3,15.4,32.400000000000006,15.4,32.400000000000006,15.4,measured
2020-12-27 13:00:00,CE,,16.2,4.71,16.4,15.5,32.599999999999994,15.5,32.599999999999994,15.5,measured
2020-12-27 14:00:00,CE,,16.2,4.63,16.3,15.5,32.5,15.5,32.5,15.5,measured
2020-12-27 19:00:00,CE,,16.1,4.66,16.1,15.4,32.2,15.4,32.2,15.4,measured
2020-12-27 20:00:00,CE,,16.1,4.76,16.1,15.4,32.2,15.4,32.2,15.4,measured
2020-12-28 09:00:00,CE,45.96,16.0,5.37,16.0,15.4,32.0,15.4,32.0,15.4,measured
2020-12-28 10:00:00,CE,51.31,16.0,5.1,16.0,15.4,32.0,15.4,32.0,15.4,measured
2020-12-28 12:00:00,CE,32.1,16.1,4.98,16.2,15.5,32.3,15.5,32.3,15.5,measured
2020-12-28 13:00:00,CE,54.08,16.2,5.35,16.3,15.5,32.5,15.5,32.5,15.5,measured
2020-12-28 16:00:00,CE,19.57,16.3,4.59,16.4,15.6,32.7,15.6,32.7,15.6,measured
2020-12-28 18:00:00,CE,19.44,16.2,4.62,16.3,15.5,32.5,15.5,32.5,15.5,measured
2020-12-29 03:00:00,CE,44.5,16.0,4.56,16.1,15.4,32.1,15.4,32.1,15.4,measured
2020-12-29 19:00:00,CE,39.22,16.1,4.82,16.2,15.4,32.3,15.4,32.3,15.4,measured
2021-02-04 10:00:00,CE,38.69,16.1,6.62,16.3,15.5,32.400000000000006,15.5,32.400000000000006,15.5,measured
2021-02-04 11:00:00,CE,45.49,16.2,6.41,16.4,15.5,32.599999999999994,15.5,32.599999999999994,15.5,measured
2021-02-04 12:00:00,CE,31.2,16.3,5.97,16.5,15.6,32.8,15.6,32.8,15.6,measured
2021-02-04 13:00:00,CE,24.62,16.3,5.84,16.6,15.6,32.900000000000006,15.6,32.900000000000006,15.6,measured
2021-02-04 14:00:00,CE,18.7,10.7,1.02,10.8,10.2,21.5,10.2,21.5,10.2,measured
2021-02-04 15:00:00,CE,11.49,16.2,,16.5,15.5,32.7,15.5,32.7,15.5,measured
2021-02-04 16:00:00,CE,8.17,16.3,,16.6,15.6,32.900000000000006,15.6,32.900000000000006,15.6,measured
2021-02-04 17:00:00,CE,6.74,16.3,,16.6,15.6,32.900000000000006,15.6,32.900000000000006,15.6,measured
2021-02-05 12:00:00,CE,28.47,16.3,,16.3,15.6,32.6,15.6,32.6,15.6,measured
2021-02-05 13:00:00,CE,24.27,16.3,,16.4,15.6,32.7,15.6,32.7,15.6,measured
2021-02-06 06:00:00,CE,55.14,16.0,,16.2,15.4,32.2,15.4,32.2,15.4,measured
2021-02-06 09:00:00,CE,45.17,16.1,,16.3,15.5,32.400000000000006,15.5,32.400000000000006,15.5,measured
2021-02-06 10:00:00,CE,67.38,16.1,,16.3,15.5,32.400000000000006,15.5,32.400000000000006,15.5,measured
2021-02-06 12:00:00,CE,53.51,16.2,,16.4,15.6,32.599999999999994,15.6,32.599999999999994,15.6,measured
2021-02-07 13:00:00,CE,15.06,16.3,,16.3,15.6,32.6,15.6,32.6,15.6,measured
2021-02-08 12:00:00,CE,48.72,16.2,,16.4,15.6,32.599999999999994,15.6,32.599999999999994,15.6,measured
2021-02-08 13:00:00,CE,42.54,16.3,,16.5,15.6,32.8,15.6,32.8,15.6,measured
2021-02-09 10:00:00,CE,51.14,16.3,,16.5,15.6,32.8,15.6,32.8,15.6,measured
2021-02-09 11:00:00,CE,40.52,16.3,,16.5,15.6,32.8,15.6,32.8,15.6,measured
2021-02-12 16:00:00,CE,27.02,15.9,,16.0,15.3,31.9,15.3,31.9,15.3,measured
2021-02-12 17:00:00,CE,27.9,16.0,,16.1,15.4,32.1,15.4,32.1,15.4,measured
2021-02-12 18:00:00,CE,34.76,16.0,,16.0,15.4,32.0,15.4,32.0,15.4,measured
2021-02-13 00:00:00,CE,17.84,15.9,,16.1,15.3,32.0,15.3,32.0,15.3,measured
2021-02-13 01:00:00,CE,16.56,16.0,,16.2,15.4,32.2,15.4,32.2,15.4,measured
2021-02-13 02:00:00,CE,9.44,15.9,,16.1,15.3,32.0,15.3,32.0,15.3,measured
2021-02-13 03:00:00,CE,5.39,15.9,,16.1,15.3,32.0,15.3,32.0,15.3,measured
2021-02-13 06:00:00,CE,15.54,15.8,,16.0,15.3,31.8,15.3,31.8,15.3,measured
2021-02-13 07:00:00,CE,14.86,15.8,,16.0,15.2,31.8,15.2,31.8,15.2,measured
2021-02-13 11:00:00,CE,,15.9,,16.1,15.3,32.0,15.3,32.0,15.3,measured
2021-02-13 12:00:00,CE,24.14,15.9,,16.1,15.3,32.0,15.3,32.0,15.3,measured
2021-02-13 20:00:00,CE,36.71,16.0,,16.1,15.4,32.1,15.4,32.1,15.4,measured
2021-02-13 21:00:00,CE,41.54,15.9,,16.1,15.3,32.0,15.3,32.0,15.3,measured
2021-02-13 22:00:00,CE,36.44,15.9,,16.0,15.3,31.9,15.3,31.9,15.3,measured
2021-02-14 00:00:00,CE,29.58,15.8,,16.0,15.2,31.8,15.2,31.8,15.2,measured
2021-02-14 13:00:00,CE,,15.8,,15.8,15.2,31.6,15.2,31.6,15.2,measured
2021-02-14 21:00:00,CE,11.11,15.9,,16.1,15.3,32.0,15.3,32.0,15.3,measured
2021-02-14 22:00:00,CE,12.8,15.9,,16.1,15.4,32.0,15.4,32.0,15.4,measured
2021-02-14 23:00:00,CE,5.89,16.0,,16.2,15.4,32.2,15.4,32.2,15.4,measured
2021-02-17 21:00:00,CE,13.21,15.9,,15.9,15.3,31.8,15.3,31.8,15.3,measured
2021-02-18 02:00:00,CE,36.47,15.8,,15.8,15.2,31.6,15.2,31.6,15.2,measured
2021-02-18 03:00:00,CE,26.27,15.7,,15.6,15.1,31.299999999999997,15.1,31.299999999999997,15.1,measured
2021-02-18 04:00:00,CE,20.22,15.8,,15.8,15.2,31.6,15.2,31.6,15.2,measured
2021-02-18 05:00:00,CE,,15.8,,15.9,15.2,31.700000000000003,15.2,31.700000000000003,15.2,measured
2021-02-18 08:00:00,CE,43.42,15.7,,15.8,15.1,31.5,15.1,31.5,15.1,measured
2021-02-18 11:00:00,CE,54.37,15.9,,16.0,15.3,31.9,15.3,31.9,15.3,measured
2021-02-18 12:00:00,CE,50.57,15.9,,16.0,15.3,31.9,15.3,31.9,15.3,measured
2021-02-18 14:00:00,CE,53.35,16.0,,16.1,15.4,32.1,15.4,32.1,15.4,measured
2021-02-18 19:00:00,CE,24.67,15.9,,15.9,15.3,31.8,15.3,31.8,15.3,measured
2021-02-18 20:00:00,CE,26.41,15.9,,15.9,15.3,31.8,15.3,31.8,15.3,measured
2021-02-19 05:00:00,CE,23.11,15.9,,16.0,15.3,31.9,15.3,31.9,15.3,measured
2021-02-19 13:00:00,CE,49.26,16.0,,16.1,15.4,32.1,15.4,32.1,15.4,measured
2021-02-19 14:00:00,CE,55.0,16.0,,16.1,15.4,32.1,15.4,32.1,15.4,measured
2021-02-19 22:00:00,CE,26.58,16.0,,16.2,15.3,32.2,15.3,32.2,15.3,measured
2021-02-20 00:00:00,CE,15.37,15.9,,16.1,15.2,32.0,15.2,32.0,15.2,measured
2021-02-20 04:00:00,CE,42.32,15.8,,16.0,15.2,31.8,15.2,31.8,15.2,measured
2021-02-20 05:00:00,CE,45.96,15.8,,16.0,15.2,31.8,15.2,31.8,15.2,measured
2021-02-20 06:00:00,CE,44.28,15.9,,16.1,15.3,32.0,15.3,32.0,15.3,measured
2021-02-20 07:00:00,CE,46.91,15.9,,16.1,15.3,32.0,15.3,32.0,15.3,measured
2021-02-20 12:00:00,CE,73.82,16.0,,16.2,15.4,32.2,15.4,32.2,15.4,measured
2021-02-21 03:00:00,CE,27.76,15.8,,15.8,15.2,31.6,15.2,31.6,15.2,measured
2021-02-21 04:00:00,CE,26.86,15.9,,15.9,15.3,31.8,15.3,31.8,15.3,measured
2021-02-21 05:00:00,CE,,15.8,,15.9,15.2,31.700000000000003,15.2,31.700000000000003,15.2,measured
2021-02-21 06:00:00,CE,,15.8,,15.8,15.2,31.6,15.2,31.6,15.2,measured
2021-02-21 10:00:00,CE,61.91,15.9,,15.7,15.3,31.6,15.3,31.6,15.3,measured
2021-02-21 12:00:00,CE,70.56,16.0,,15.9,15.3,31.9,15.3,31.9,15.3,measured
2021-02-21 13:00:00,CE,76.44,16.0,,15.9,15.3,31.9,15.3,31.9,15.3,measured
2021-02-22 03:00:00,CE,22.21,15.9,,15.8,15.3,31.700000000000003,15.3,31.700000000000003,15.3,measured
2021-02-22 08:00:00,CE,40.0,16.0,,16.0,15.4,32.0,15.4,32.0,15.4,measured
2021-02-22 09:00:00,CE,53.18,16.0,,16.0,15.4,32.0,15.4,32.0,15.4,measured
2021-02-25 12:00:00,CE,44.48,2.0,,1.1,1.1,3.1,1.1,3.1,1.1,measured
2025-04-23 18:00:00,CE,49.44,12.8,1.5,18.2,15.8,31.0,15.8,31.0,15.8,measured
2025-04-23 19:00:00,CE,47.03,12.0,1.48,21.3,14.9,33.3,14.9,33.3,14.9,measured
2025-04-23 20:00:00,CE,40.0,12.3,1.44,18.1,15.1,30.400000000000002,15.1,30.400000000000002,15.1,measured
2025-04-23 21:00:00,CE,30.71,9.4,1.38,14.5,12.2,23.9,12.2,23.9,12.2,measured
2025-04-23 22:00:00,CE,21.94,6.4,1.34,13.4,8.9,19.8,8.9,19.8,8.9,measured
2025-04-23 23:00:00,CE,25.34,6.0,1.31,13.7,8.6,19.7,8.6,19.7,8.6,measured
2025-04-24 00:00:00,CE,21.96,8.6,1.31,13.2,11.6,21.799999999999997,11.6,21.799999999999997,11.6,measured
2025-04-24 01:00:00,CE,20.47,9.4,1.31,13.6,11.9,23.0,11.9,23.0,11.9,measured
2025-04-30 15:00:00,CE,,7.9,1.39,16.0,11.0,23.9,11.0,23.9,11.0,measured
2025-05-03 15:00:00,CE,6.29,1.3,1.76,0.6,0.8,1.9,0.8,1.9,0.8,measured
2025-05-05 18:00:00,CE,16.83,6.6,0.76,10.3,9.2,16.9,9.2,16.9,9.2,measured
2025-05-06 14:00:00,CE,26.21,10.5,0.71,34.6,13.5,45.1,13.5,45.1,13.5,measured
2025-05-07 12:00:00,CE,27.75,13.9,0.78,33.1,18.2,47.0,18.2,47.0,18.2,measured
2025-05-07 13:00:00,CE,24.67,10.7,0.75,30.7,14.5,41.4,14.5,41.4,14.5,measured
2025-05-07 14:00:00,CE,22.25,11.1,0.74,34.7,14.5,45.800000000000004,14.5,45.800000000000004,14.5,measured
2025-05-08 15:00:00,CE,24.97,6.1,0.83,17.4,9.0,23.5,9.0,23.5,9.0,measured
2025-05-08 16:00:00,CE,,6.5,0.83,25.8,9.4,32.3,9.4,32.3,9.4,measured
2025-05-08 17:00:00,CE,20.85,6.2,0.81,13.3,9.1,19.5,9.1,19.5,9.1,measured
2025-05-08 18:00:00,CE,19.78,6.1,0.83,12.3,8.9,18.4,8.9,18.4,8.9,measured
2025-05-09 13:00:00,CE,13.11,13.8,0.79,22.4,18.6,36.2,18.6,36.2,18.6,measured
2025-05-09 14:00:00,CE,11.23,12.1,0.76,29.1,16.1,41.2,16.1,41.2,16.1,measured
2025-05-09 15:00:00,CE,12.47,11.6,0.79,23.5,15.5,35.1,15.5,35.1,15.5,measured
2025-05-09 16:00:00,CE,13.88,13.3,0.82,24.9,16.9,38.2,16.9,38.2,16.9,measured
2025-05-09 17:00:00,CE,14.28,9.5,0.76,28.0,12.4,37.5,12.4,37.5,12.4,measured
2025-05-09 18:00:00,CE,11.52,9.0,0.76,29.4,11.9,38.4,11.9,38.4,11.9,measured
2025-05-09 19:00:00,CE,9.16,17.1,0.83,41.1,20.1,58.2,20.1,58.2,20.1,measured
2025-05-09 20:00:00,CE,10.32,18.7,0.73,40.6,21.2,59.3,21.2,59.3,21.2,measured
2025-05-09 21:00:00,CE,9.78,17.6,0.83,36.9,19.8,54.5,19.8,54.5,19.8,measured
2025-05-09 22:00:00,CE,15.53,19.5,0.84,35.9,22.2,55.4,22.2,55.4,22.2,measured
2025-05-10 02:00:00,CE,11.65,23.1,0.84,29.1,25.5,52.2,25.5,52.2,25.5,measured
2025-05-10 03:00:00,CE,10.34,21.1,0.87,28.2,23.7,49.3,23.7,49.3,23.7,measured
2025-05-10 04:00:00,CE,12.58,17.8,0.77,28.7,20.1,46.5,20.1,46.5,20.1,measured
2025-05-10 05:00:00,CE,12.23,17.2,0.72,29.6,19.5,46.8,19.5,46.8,19.5,measured
2025-05-10 06:00:00,CE,11.45,15.4,0.67,30.6,17.6,46.0,17.6,46.0,17.6,measured
2025-05-10 07:00:00,CE,10.62,17.4,0.7,32.3,21.2,49.699999999999996,21.2,49.699999999999996,21.2,measured
2025-05-10 09:00:00,CE,15.8,18.7,0.81,29.4,26.6,48.099999999999994,26.6,48.099999999999994,26.6,measured
2025-05-10 10:00:00,CE,14.99,9.7,0.73,24.4,14.2,34.099999999999994,14.2,34.099999999999994,14.2,measured
2025-05-10 11:00:00,CE,8.41,7.6,0.68,25.7,11.4,33.3,11.4,33.3,11.4,measured
2025-05-10 12:00:00,CE,7.98,5.6,0.67,27.6,8.4,33.2,8.4,33.2,8.4,measured
2025-05-10 13:00:00,CE,7.66,5.3,0.65,37.7,8.2,43.0,8.2,43.0,8.2,measured
2025-05-10 14:00:00,CE,7.91,5.6,0.66,29.7,8.6,35.3,8.6,35.3,8.6,measured
2025-05-10 15:00:00,CE,7.69,5.8,0.68,39.3,8.7,45.099999999999994,8.7,45.099999999999994,8.7,measured
2025-05-10 16:00:00,CE,8.9,5.3,0.67,33.5,8.0,38.8,8.0,38.8,8.0,measured
2025-05-10 17:00:00,CE,10.06,6.6,0.66,35.4,9.4,42.0,9.4,42.0,9.4,measured
2025-05-10 18:00:00,CE,8.81,6.1,0.75,35.3,8.8,41.4,8.8,41.4,8.8,measured
2025-05-10 19:00:00,CE,8.96,9.7,0.75,42.8,12.3,52.5,12.3,52.5,12.3,measured
2025-05-10 20:00:00,CE,9.97,16.4,0.78,41.0,18.9,57.4,18.9,57.4,18.9,measured
2025-05-10 21:00:00,CE,10.4,11.5,0.69,44.4,13.8,55.9,13.8,55.9,13.8,measured
2025-05-10 22:00:00,CE,12.85,12.5,0.71,43.9,14.7,56.4,14.7,56.4,14.7,measured
2025-05-10 23:00:00,CE,15.74,16.4,0.74,42.9,18.5,59.3,18.5,59.3,18.5,measured
2025-05-11 00:00:00,CE,18.2,17.3,0.73,41.9,19.5,59.2,19.5,59.2,19.5,measured
2025-05-11 01:00:00,CE,12.85,14.4,0.7,42.0,16.5,56.4,16.5,56.4,16.5,measured
2025-05-11 02:00:00,CE,10.71,14.5,0.71,41.5,16.6,56.0,16.6,56.0,16.6,measured
2025-05-11 03:00:00,CE,10.65,21.0,0.8,40.3,23.3,61.3,23.3,61.3,23.3,measured
2025-05-11 04:00:00,CE,16.92,23.0,0.84,39.4,25.3,62.4,25.3,62.4,25.3,measured
2025-05-11 05:00:00,CE,17.9,17.1,0.74,41.6,19.4,58.7,19.4,58.7,19.4,measured
2025-05-11 06:00:00,CE,17.79,15.7,0.71,41.0,18.2,56.7,18.2,56.7,18.2,measured
2025-05-11 07:00:00,CE,18.4,12.8,0.67,41.7,15.7,54.5,15.7,54.5,15.7,measured
2025-05-11 08:00:00,CE,12.66,19.7,0.8,39.3,26.9,59.0,26.9,59.0,26.9,measured
2025-05-11 09:00:00,CE,15.23,16.3,0.76,30.8,23.0,47.1,23.0,47.1,23.0,measured
2025-05-11 10:00:00,CE,15.95,8.9,0.6,18.1,12.9,27.0,12.9,27.0,12.9,measured
2025-05-11 11:00:00,CE,11.38,3.6,0.51,34.7,6.2,38.300000000000004,6.2,38.300000000000004,6.2,measured
2025-05-11 12:00:00,CE,6.95,3.2,0.49,37.7,5.7,40.900000000000006,5.7,40.900000000000006,5.7,measured
2025-05-11 13:00:00,CE,6.48,2.9,0.49,38.7,5.4,41.6,5.4,41.6,5.4,measured
2025-05-11 14:00:00,CE,6.06,2.9,0.47,36.1,5.4,39.0,5.4,39.0,5.4,measured
2025-05-11 15:00:00,CE,6.03,2.9,0.47,36.5,5.2,39.4,5.2,39.4,5.2,measured
2025-05-11 16:00:00,CE,6.13,3.8,0.5,38.3,6.3,42.099999999999994,6.3,42.099999999999994,6.3,measured
2025-05-11 17:00:00,CE,6.59,5.9,0.51,40.2,8.6,46.1,8.6,46.1,8.6,measured
2025-05-11 18:00:00,CE,7.15,6.8,0.51,41.8,9.4,48.599999999999994,9.4,48.599999999999994,9.4,measured
2025-05-11 20:00:00,CE,7.75,8.1,0.56,11.7,10.2,19.799999999999997,10.2,19.799999999999997,10.2,measured
2025-05-22 02:00:00,CE,8.85,3.4,0.94,10.4,5.7,13.8,5.7,13.8,5.7,measured
2025-05-22 15:00:00,CE,24.72,12.5,1.01,34.5,15.8,47.0,15.8,47.0,15.8,measured
2025-05-22 16:00:00,CE,23.86,10.7,1.02,35.9,13.9,46.599999999999994,13.9,46.599999999999994,13.9,measured
2025-05-22 17:00:00,CE,25.89,11.3,1.03,27.9,14.7,39.2,14.7,39.2,14.7,measured
2025-05-27 13:00:00,CE,45.5,5.2,1.09,24.9,8.3,30.099999999999998,8.3,30.099999999999998,8.3,measured
2025-05-27 14:00:00,CE,50.29,6.8,1.09,13.2,10.4,20.0,10.4,20.0,10.4,measured
2025-05-27 15:00:00,CE,41.28,5.5,1.11,10.1,8.9,15.6,8.9,15.6,8.9,measured
2025-05-27 16:00:00,CE,45.57,7.1,1.11,16.5,10.1,23.6,10.1,23.6,10.1,measured
2025-05-27 19:00:00,CE,35.93,5.7,1.09,9.8,8.3,15.5,8.3,15.5,8.3,measured
2025-05-27 20:00:00,CE,38.48,6.6,1.09,9.2,8.9,15.799999999999999,8.9,15.799999999999999,8.9,measured
2025-05-27 22:00:00,CE,,6.0,1.06,14.8,8.4,20.8,8.4,20.8,8.4,measured
2025-05-27 23:00:00,CE,37.88,6.0,1.02,11.8,8.2,17.8,8.2,17.8,8.2,measured
2025-05-28 00:00:00,CE,37.42,6.1,1.04,18.7,8.2,24.799999999999997,8.2,24.799999999999997,8.2,measured
2025-05-28 01:00:00,CE,34.9,4.1,1.0,9.2,6.2,13.299999999999999,6.2,13.299999999999999,6.2,measured
2025-05-28 02:00:00,CE,33.17,2.9,1.01,12.5,5.0,15.4,5.0,15.4,5.0,measured
2025-05-28 03:00:00,CE,32.82,2.6,1.0,8.7,4.7,11.299999999999999,4.7,11.299999999999999,4.7,measured
2025-05-28 11:00:00,CE,40.63,11.4,1.23,20.1,16.7,31.5,16.7,31.5,16.7,measured
2025-05-28 12:00:00,CE,40.21,6.0,1.14,16.9,9.5,22.9,9.5,22.9,9.5,measured
2025-05-28 13:00:00,CE,26.69,6.0,1.12,11.3,9.9,17.3,9.9,17.3,9.9,measured
2025-05-28 14:00:00,CE,26.92,6.2,1.13,11.6,9.6,17.8,9.6,17.8,9.6,measured
2025-05-28 15:00:00,CE,33.5,5.7,1.1,10.2,8.8,15.899999999999999,8.8,15.899999999999999,8.8,measured
2025-05-28 16:00:00,CE,11.22,6.2,1.07,9.4,9.3,15.600000000000001,9.3,15.600000000000001,9.3,measured
2025-05-28 17:00:00,CE,8.33,6.6,1.08,10.8,9.8,17.4,9.8,17.4,9.8,measured
2025-05-28 18:00:00,CE,9.44,6.3,1.07,12.6,9.2,18.9,9.2,18.9,9.2,measured
2025-05-28 19:00:00,CE,11.3,7.1,1.1,11.6,9.8,18.7,9.8,18.7,9.8,measured
2025-05-28 20:00:00,CE,12.47,4.8,1.04,9.2,7.0,14.0,7.0,14.0,7.0,measured
2025-05-29 02:00:00,CE,14.43,4.5,1.04,7.7,6.6,12.2,6.6,12.2,6.6,measured
2025-05-29 04:00:00,CE,14.93,4.9,1.01,9.0,6.9,13.9,6.9,13.9,6.9,measured
2025-05-31 14:00:00,CE,14.88,4.5,1.02,13.6,7.3,18.1,7.3,18.1,7.3,measured
2025-05-31 15:00:00,CE,14.26,5.2,1.02,10.0,8.1,15.2,8.1,15.2,8.1,measured
2025-06-11 14:00:00,CE,10.19,12.0,1.69,21.9,15.9,33.9,15.9,33.9,15.9,measured
2025-06-11 15:00:00,CE,9.2,11.6,1.66,29.0,15.4,40.6,15.4,40.6,15.4,measured
2025-06-11 16:00:00,CE,10.65,7.9,1.61,12.6,10.8,20.5,10.8,20.5,10.8,measured
2025-06-11 17:00:00,CE,12.64,7.4,1.62,12.6,10.3,20.0,10.3,20.0,10.3,measured
2025-06-11 18:00:00,CE,10.9,6.7,1.62,10.7,9.6,17.4,9.6,17.4,9.6,measured
2025-06-11 19:00:00,CE,11.82,6.9,1.63,11.5,9.5,18.4,9.5,18.4,9.5,measured
2025-06-11 20:00:00,CE,13.58,7.9,1.61,11.7,10.3,19.6,10.3,19.6,10.3,measured
2025-06-11 21:00:00,CE,13.87,6.6,1.6,10.0,8.6,16.6,8.6,16.6,8.6,measured
2025-06-11 22:00:00,CE,14.42,6.2,1.61,10.7,8.2,16.9,8.2,16.9,8.2,measured
2025-06-11 23:00:00,CE,13.61,6.2,1.58,13.5,8.3,19.7,8.3,19.7,8.3,measured
2025-06-12 20:00:00,CE,20.63,7.7,1.59,16.3,9.7,24.0,9.7,24.0,9.7,measured
2025-06-12 21:00:00,CE,23.45,9.8,1.63,14.8,11.7,24.6,11.7,24.6,11.7,measured
2025-06-12 22:00:00,CE,23.15,10.9,1.58,14.8,12.8,25.700000000000003,12.8,25.700000000000003,12.8,measured
2025-06-12 23:00:00,CE,23.66,12.5,1.57,14.6,14.5,27.1,14.5,27.1,14.5,measured
2025-06-13 00:00:00,CE,21.31,4.2,1.49,13.6,6.2,17.8,6.2,17.8,6.2,measured
2025-06-13 01:00:00,CE,19.8,3.1,1.48,14.4,5.0,17.5,5.0,17.5,5.0,measured
2025-06-13 02:00:00,CE,19.34,3.3,1.48,5.9,5.2,9.2,5.2,9.2,5.2,measured
2025-06-13 14:00:00,CE,39.44,12.3,1.72,15.7,15.1,28.0,15.1,28.0,15.1,measured
2025-06-13 15:00:00,CE,27.21,7.2,1.57,21.3,9.8,28.5,9.8,28.5,9.8,measured
2025-06-13 16:00:00,CE,27.12,5.2,1.51,24.5,8.0,29.7,8.0,29.7,8.0,measured
2025-06-13 17:00:00,CE,27.55,5.3,1.52,26.0,8.0,31.3,8.0,31.3,8.0,measured
2025-06-13 18:00:00,CE,27.85,6.0,1.53,22.4,8.8,28.4,8.8,28.4,8.8,measured
2025-06-13 19:00:00,CE,29.54,8.6,1.58,21.1,11.3,29.700000000000003,11.3,29.700000000000003,11.3,measured
2025-06-13 20:00:00,CE,26.51,6.5,1.52,17.2,8.7,23.7,8.7,23.7,8.7,measured
2025-06-13 21:00:00,CE,22.22,5.6,1.51,15.6,7.6,21.2,7.6,21.2,7.6,measured
2025-06-13 22:00:00,CE,22.57,6.1,1.51,14.5,8.1,20.6,8.1,20.6,8.1,measured
2025-06-13 23:00:00,CE,21.97,6.6,1.5,16.4,8.8,23.0,8.8,23.0,8.8,measured
2025-06-14 00:00:00,CE,21.89,5.0,1.46,17.8,6.9,22.8,6.9,22.8,6.9,measured
2025-06-14 01:00:00,CE,23.69,5.5,1.43,16.0,7.4,21.5,7.4,21.5,7.4,measured
2025-06-14 02:00:00,CE,26.53,6.9,1.49,16.9,9.0,23.799999999999997,9.0,23.799999999999997,9.0,measured
2025-06-14 03:00:00,CE,27.49,4.7,1.46,16.5,6.6,21.2,6.6,21.2,6.6,measured
2025-06-14 04:00:00,CE,27.56,3.7,1.43,16.0,5.6,19.7,5.6,19.7,5.6,measured
2025-06-14 05:00:00,CE,29.41,2.2,1.41,17.7,4.0,19.9,4.0,19.9,4.0,measured
2025-06-14 06:00:00,CE,,3.8,1.43,16.3,5.7,20.1,5.7,20.1,5.7,measured
2025-06-14 07:00:00,CE,,9.5,1.5,15.7,12.3,25.2,12.3,25.2,12.3,measured
2025-06-14 08:00:00,CE,37.49,11.1,1.55,17.8,16.8,28.9,16.8,28.9,16.8,measured
2025-06-14 12:00:00,CE,39.42,9.5,1.6,17.5,12.8,27.0,12.8,27.0,12.8,measured
2025-06-14 13:00:00,CE,35.46,7.9,1.57,16.7,10.5,24.6,10.5,24.6,10.5,measured
2025-06-14 14:00:00,CE,28.07,5.3,1.48,10.4,7.9,15.7,7.9,15.7,7.9,measured
2025-06-14 15:00:00,CE,21.9,5.7,1.5,15.9,8.6,21.6,8.6,21.6,8.6,measured
2025-06-14 16:00:00,CE,16.89,4.4,1.44,16.5,7.1,20.9,7.1,20.9,7.1,measured
2025-06-14 17:00:00,CE,14.61,2.5,1.4,13.2,4.8,15.7,4.8,15.7,4.8,measured
2025-06-14 18:00:00,CE,14.21,2.9,1.41,19.2,5.2,22.099999999999998,5.2,22.099999999999998,5.2,measured
2025-06-14 19:00:00,CE,14.07,3.8,1.42,19.2,6.0,23.0,6.0,23.0,6.0,measured
2025-06-14 20:00:00,CE,16.59,6.6,1.47,15.8,8.8,22.4,8.8,22.4,8.8,measured
2025-06-14 21:00:00,CE,22.24,4.5,1.42,13.7,6.6,18.2,6.6,18.2,6.6,measured
2025-06-14 22:00:00,CE,17.97,9.6,1.46,14.4,11.7,24.0,11.7,24.0,11.7,measured
2025-06-14 23:00:00,CE,17.72,7.1,1.44,13.4,9.0,20.5,9.0,20.5,9.0,measured
2025-06-15 00:00:00,CE,19.33,6.7,1.42,15.8,8.7,22.5,8.7,22.5,8.7,measured
2025-06-15 01:00:00,CE,21.98,11.7,1.49,14.4,13.8,26.1,13.8,26.1,13.8,measured
2025-06-15 02:00:00,CE,18.67,3.2,1.4,15.1,5.1,18.3,5.1,18.3,5.1,measured
2025-06-15 03:00:00,CE,20.52,4.8,1.43,15.1,6.7,19.9,6.7,19.9,6.7,measured
2025-06-15 04:00:00,CE,24.54,6.2,1.44,16.7,8.1,22.9,8.1,22.9,8.1,measured
2025-06-15 05:00:00,CE,27.71,7.4,1.44,12.5,9.4,19.9,9.4,19.9,9.4,measured
2025-06-15 06:00:00,CE,24.27,6.4,1.43,15.0,8.3,21.4,8.3,21.4,8.3,measured
2025-06-15 07:00:00,CE,25.55,6.5,1.43,16.2,9.0,22.7,9.0,22.7,9.0,measured
2025-06-15 08:00:00,CE,26.1,5.9,1.44,14.3,9.3,20.200000000000003,9.3,20.200000000000003,9.3,measured
2025-06-15 09:00:00,CE,29.06,6.7,1.45,16.6,11.7,23.3,11.7,23.3,11.7,measured
2025-06-15 10:00:00,CE,32.35,9.2,1.46,18.2,15.2,27.4,15.2,27.4,15.2,measured
2025-06-15 11:00:00,CE,32.24,6.7,1.46,17.0,10.0,23.7,10.0,23.7,10.0,measured
2025-06-15 12:00:00,CE,27.85,4.6,1.45,17.6,7.0,22.200000000000003,7.0,22.200000000000003,7.0,measured
2025-06-15 13:00:00,CE,23.47,2.7,1.42,18.4,4.9,21.099999999999998,4.9,21.099999999999998,4.9,measured
2025-06-15 14:00:00,CE,20.77,2.7,1.41,20.3,4.9,23.0,4.9,23.0,4.9,measured
2025-06-15 15:00:00,CE,15.51,3.6,1.38,31.7,6.0,35.3,6.0,35.3,6.0,measured
2025-06-15 16:00:00,CE,10.66,2.9,1.35,31.6,5.4,34.5,5.4,34.5,5.4,measured
2025-06-15 17:00:00,CE,12.17,2.3,1.32,37.0,4.6,39.3,4.6,39.3,4.6,measured
2025-06-15 18:00:00,CE,11.47,2.7,1.32,33.6,5.0,36.300000000000004,5.0,36.300000000000004,5.0,measured
2025-06-15 19:00:00,CE,12.46,4.0,1.35,29.7,6.2,33.7,6.2,33.7,6.2,measured
2025-06-15 20:00:00,CE,15.66,3.2,1.37,16.2,5.2,19.4,5.2,19.4,5.2,measured
2025-06-15 21:00:00,CE,17.38,3.8,1.39,8.9,5.7,12.7,5.7,12.7,5.7,measured
2025-06-15 22:00:00,CE,,7.9,1.48,15.4,9.8,23.3,9.8,23.3,9.8,measured
2025-06-15 23:00:00,CE,,4.5,1.39,13.9,6.4,18.4,6.4,18.4,6.4,measured
2025-06-16 00:00:00,CE,,8.1,1.46,17.3,10.1,25.4,10.1,25.4,10.1,measured
2025-06-16 01:00:00,CE,13.52,3.1,1.35,17.7,5.0,20.8,5.0,20.8,5.0,measured
2025-06-16 02:00:00,CE,14.8,10.5,1.36,16.9,13.0,27.4,13.0,27.4,13.0,measured
2025-06-16 03:00:00,CE,19.21,10.1,1.38,14.9,12.1,25.0,12.1,25.0,12.1,measured
2025-06-16 04:00:00,CE,15.31,13.4,1.4,15.9,15.4,29.3,15.4,29.3,15.4,measured
2025-06-16 07:00:00,CE,17.95,15.9,1.44,24.7,22.1,40.6,22.1,40.6,22.1,measured
2025-06-16 08:00:00,CE,17.82,15.4,1.64,28.2,25.4,43.6,25.4,43.6,25.4,measured
2025-06-16 12:00:00,CE,23.65,18.2,1.59,24.7,23.1,42.9,23.1,42.9,23.1,measured
2025-06-16 13:00:00,CE,22.0,10.4,1.5,30.9,13.2,41.3,13.2,41.3,13.2,measured
2025-06-16 14:00:00,CE,16.11,5.6,1.39,30.4,8.3,36.0,8.3,36.0,8.3,measured
2025-06-16 15:00:00,CE,14.22,5.1,1.35,15.5,8.2,20.6,8.2,20.6,8.2,measured
2025-06-16 16:00:00,CE,12.55,5.1,1.33,8.8,8.2,13.9,8.2,13.9,8.2,measured
2025-06-16 17:00:00,CE,9.37,5.5,1.36,11.5,9.0,17.0,9.0,17.0,9.0,measured
2025-06-16 18:00:00,CE,12.37,5.2,1.33,20.7,8.2,25.9,8.2,25.9,8.2,measured
2025-06-16 19:00:00,CE,12.84,7.3,1.35,18.4,10.4,25.7,10.4,25.7,10.4,measured
2025-06-16 20:00:00,CE,10.39,7.8,1.34,18.0,10.1,25.8,10.1,25.8,10.1,measured
2025-06-16 21:00:00,CE,11.35,4.2,1.28,17.9,6.3,22.099999999999998,6.3,22.099999999999998,6.3,measured
2025-06-16 22:00:00,CE,11.79,4.3,1.28,17.2,6.4,21.5,6.4,21.5,6.4,measured
2025-06-16 23:00:00,CE,11.29,3.1,1.28,18.9,5.1,22.0,5.1,22.0,5.1,measured
2025-06-17 00:00:00,CE,12.44,8.9,1.32,12.0,10.9,20.9,10.9,20.9,10.9,measured
2025-06-17 01:00:00,CE,12.26,7.0,1.31,17.2,9.0,24.2,9.0,24.2,9.0,measured
2025-06-17 02:00:00,CE,10.82,7.6,1.29,16.9,9.7,24.5,9.7,24.5,9.7,measured
2025-06-17 03:00:00,CE,9.39,6.8,1.27,15.6,8.9,22.4,8.9,22.4,8.9,measured
2025-06-17 04:00:00,CE,10.05,12.3,1.27,15.4,14.4,27.700000000000003,14.4,27.700000000000003,14.4,measured
2025-06-17 06:00:00,CE,9.03,12.8,1.26,23.0,15.5,35.8,15.5,35.8,15.5,measured
2025-06-17 07:00:00,CE,9.46,13.6,1.32,27.0,18.5,40.6,18.5,40.6,18.5,measured
2025-06-17 11:00:00,CE,14.4,13.3,1.44,19.6,18.7,32.900000000000006,18.7,32.900000000000006,18.7,measured
2025-06-17 12:00:00,CE,12.72,8.7,1.39,23.6,12.5,32.3,12.5,32.3,12.5,measured
2025-06-17 13:00:00,CE,10.09,4.3,1.33,28.3,6.8,32.6,6.8,32.6,6.8,measured
2025-06-17 14:00:00,CE,8.8,3.5,1.26,10.9,6.2,14.4,6.2,14.4,6.2,measured
2025-06-17 15:00:00,CE,9.21,3.5,1.25,8.2,6.2,11.7,6.2,11.7,6.2,measured
2025-06-17 16:00:00,CE,10.56,3.6,1.28,9.3,6.4,12.9,6.4,12.9,6.4,measured
2025-06-17 17:00:00,CE,11.27,3.6,1.26,13.3,6.5,16.900000000000002,6.5,16.900000000000002,6.5,measured
2025-06-17 18:00:00,CE,10.53,4.4,1.29,13.6,7.5,18.0,7.5,18.0,7.5,measured
2025-06-17 19:00:00,CE,8.97,7.6,1.35,15.2,10.5,22.799999999999997,10.5,22.799999999999997,10.5,measured
2025-06-17 20:00:00,CE,8.77,8.5,1.33,18.4,11.0,26.9,11.0,26.9,11.0,measured
2025-06-17 21:00:00,CE,6.69,8.4,1.29,16.4,10.7,24.799999999999997,10.7,24.799999999999997,10.7,measured
2025-06-17 22:00:00,CE,4.26,4.4,1.23,15.9,6.8,20.3,6.8,20.3,6.8,measured
2025-06-17 23:00:00,CE,4.8,2.8,1.22,14.8,4.8,17.6,4.8,17.6,4.8,measured
2025-06-18 00:00:00,CE,4.41,3.2,1.21,15.5,5.1,18.7,5.1,18.7,5.1,measured
2025-06-18 01:00:00,CE,5.35,6.4,1.26,16.7,8.4,23.1,8.4,23.1,8.4,measured
2025-06-18 02:00:00,CE,4.7,3.9,1.25,15.4,5.8,19.3,5.8,19.3,5.8,measured
2025-06-18 03:00:00,CE,4.94,4.2,1.24,11.1,6.2,15.3,6.2,15.3,6.2,measured
2025-06-18 04:00:00,CE,7.31,10.4,1.26,14.4,12.4,24.8,12.4,24.8,12.4,measured
2025-06-18 12:00:00,CE,13.13,12.3,1.42,18.3,16.0,30.6,16.0,30.6,16.0,measured
2025-06-18 13:00:00,CE,8.08,4.6,1.29,20.5,7.1,25.1,7.1,25.1,7.1,measured
2025-06-18 14:00:00,CE,9.49,3.8,1.26,18.6,6.6,22.400000000000002,6.6,22.400000000000002,6.6,measured
2025-06-18 15:00:00,CE,10.85,3.9,1.25,13.1,6.8,17.0,6.8,17.0,6.8,measured
2025-06-18 16:00:00,CE,11.52,3.3,1.26,12.4,6.1,15.7,6.1,15.7,6.1,measured
2025-06-18 17:00:00,CE,9.65,5.9,1.31,16.0,9.1,21.9,9.1,21.9,9.1,measured
2025-06-18 18:00:00,CE,7.95,6.4,1.3,16.9,10.2,23.299999999999997,10.2,23.299999999999997,10.2,measured
2025-06-18 19:00:00,CE,7.41,7.9,1.33,16.2,11.1,24.1,11.1,24.1,11.1,measured
2025-06-18 20:00:00,CE,6.42,6.0,1.33,15.9,8.3,21.9,8.3,21.9,8.3,measured
2025-06-18 21:00:00,CE,5.59,4.1,1.23,15.9,6.2,20.0,6.2,20.0,6.2,measured
2025-06-18 22:00:00,CE,6.1,4.0,1.23,15.1,6.1,19.1,6.1,19.1,6.1,measured
2025-06-18 23:00:00,CE,6.86,3.9,1.24,15.7,6.1,19.599999999999998,6.1,19.599999999999998,6.1,measured
2025-06-19 00:00:00,CE,7.01,2.9,1.23,12.1,4.9,15.0,4.9,15.0,4.9,measured
2025-06-19 01:00:00,CE,7.47,2.0,1.23,14.3,4.0,16.3,4.0,16.3,4.0,measured
2025-06-19 02:00:00,CE,8.88,2.1,1.23,12.3,4.1,14.4,4.1,14.4,4.1,measured
2025-06-19 03:00:00,CE,10.29,2.5,1.25,12.0,4.5,14.5,4.5,14.5,4.5,measured
2025-06-19 04:00:00,CE,11.91,3.0,1.27,16.5,4.9,19.5,4.9,19.5,4.9,measured
2025-06-19 05:00:00,CE,13.55,4.1,1.28,13.3,6.1,17.4,6.1,17.4,6.1,measured
2025-06-19 06:00:00,CE,13.11,7.2,1.3,16.0,9.4,23.2,9.4,23.2,9.4,measured
2025-06-19 07:00:00,CE,13.09,9.8,1.37,16.1,14.9,25.900000000000002,14.9,25.900000000000002,14.9,measured
2025-06-19 08:00:00,CE,15.06,10.7,1.4,19.9,19.3,30.599999999999998,19.3,30.599999999999998,19.3,measured
2025-06-19 09:00:00,CE,11.84,6.4,1.36,14.8,12.0,21.200000000000003,12.0,21.200000000000003,12.0,measured
2025-06-19 10:00:00,CE,8.88,4.9,1.32,16.5,9.2,21.4,9.2,21.4,9.2,measured
2025-06-19 11:00:00,CE,9.56,4.1,1.31,15.5,7.9,19.6,7.9,19.6,7.9,measured
2025-06-19 12:00:00,CE,6.62,4.4,1.27,29.6,7.8,34.0,7.8,34.0,7.8,measured
2025-06-19 13:00:00,CE,6.45,4.7,1.29,14.9,8.7,19.6,8.7,19.6,8.7,measured
2025-06-19 14:00:00,CE,7.59,4.2,1.29,24.1,7.7,28.3,7.7,28.3,7.7,measured
2025-06-19 15:00:00,CE,5.69,4.3,1.28,22.7,7.7,27.0,7.7,27.0,7.7,measured
2025-06-19 16:00:00,CE,4.87,4.3,1.28,26.2,7.5,30.5,7.5,30.5,7.5,measured
2025-06-19 17:00:00,CE,4.41,5.0,1.28,26.3,8.2,31.3,8.2,31.3,8.2,measured
2025-06-19 18:00:00,CE,4.74,7.1,1.3,21.9,10.6,29.0,10.6,29.0,10.6,measured
2025-06-19 19:00:00,CE,5.4,8.6,1.34,12.1,11.9,20.7,11.9,20.7,11.9,measured
2025-06-19 20:00:00,CE,3.27,4.9,1.24,11.1,7.3,16.0,7.3,16.0,7.3,measured
2025-06-19 21:00:00,CE,3.0,4.2,1.23,14.9,6.3,19.1,6.3,19.1,6.3,measured
2025-06-19 23:00:00,CE,3.27,5.1,1.3,8.9,7.3,14.0,7.3,14.0,7.3,measured
2025-06-20 02:00:00,CE,3.82,4.2,1.27,6.5,6.1,10.7,6.1,10.7,6.1,measured
2025-06-20 03:00:00,CE,3.53,2.5,1.24,5.7,4.4,8.2,4.4,8.2,4.4,measured
2025-06-20 07:00:00,CE,5.29,6.1,1.29,10.6,8.9,16.7,8.9,16.7,8.9,measured
2025-06-20 12:00:00,CE,8.55,6.9,1.35,12.4,11.7,19.3,11.7,19.3,11.7,measured
2025-06-20 13:00:00,CE,7.47,5.5,1.33,17.2,9.3,22.7,9.3,22.7,9.3,measured
2025-06-20 14:00:00,CE,6.79,5.0,1.33,18.3,8.9,23.3,8.9,23.3,8.9,measured
2025-06-20 15:00:00,CE,5.98,3.9,1.29,20.1,7.0,24.0,7.0,24.0,7.0,measured
2025-06-20 16:00:00,CE,5.62,4.0,1.29,14.6,7.2,18.6,7.2,18.6,7.2,measured
2025-06-20 18:00:00,CE,5.31,6.1,1.35,10.1,9.8,16.2,9.8,16.2,9.8,measured
2025-06-20 22:00:00,CE,4.27,5.9,1.29,9.9,8.0,15.8,8.0,15.8,8.0,measured
2025-06-20 23:00:00,CE,4.3,5.6,1.29,15.2,7.9,20.799999999999997,7.9,20.799999999999997,7.9,measured
2025-06-21 00:00:00,CE,4.74,6.7,1.32,13.8,10.4,20.5,10.4,20.5,10.4,measured
2025-06-21 01:00:00,CE,4.68,4.9,1.29,10.0,7.0,14.9,7.0,14.9,7.0,measured
2025-06-21 02:00:00,CE,4.54,3.6,1.27,11.7,5.5,15.299999999999999,5.5,15.299999999999999,5.5,measured
2025-06-21 03:00:00,CE,4.8,2.9,1.23,16.4,4.8,19.299999999999997,4.8,19.299999999999997,4.8,measured
2025-06-21 04:00:00,CE,4.19,2.2,1.2,21.5,4.1,23.7,4.1,23.7,4.1,measured
2025-06-21 05:00:00,CE,4.54,2.3,1.22,20.8,4.1,23.1,4.1,23.1,4.1,measured
2025-06-21 09:00:00,CE,5.53,7.7,1.41,17.7,14.0,25.4,14.0,25.4,14.0,measured
2025-06-21 10:00:00,CE,5.96,7.3,1.36,25.9,12.9,33.199999999999996,12.9,33.199999999999996,12.9,measured
2025-06-21 11:00:00,CE,5.4,5.2,1.31,28.3,9.6,33.5,9.6,33.5,9.6,measured
2025-06-21 12:00:00,CE,6.3,4.7,1.31,29.9,9.1,34.6,9.1,34.6,9.1,measured
2025-06-21 13:00:00,CE,6.08,6.7,1.39,27.3,12.0,34.0,12.0,34.0,12.0,measured
2025-06-21 14:00:00,CE,5.43,5.0,1.34,32.9,9.4,37.9,9.4,37.9,9.4,measured
2025-06-21 15:00:00,CE,5.39,4.2,1.31,31.3,8.0,35.5,8.0,35.5,8.0,measured
2025-06-21 16:00:00,CE,4.54,3.2,1.25,35.9,6.1,39.1,6.1,39.1,6.1,measured
2025-06-21 17:00:00,CE,4.85,3.5,1.25,33.9,6.1,37.4,6.1,37.4,6.1,measured
2025-06-21 18:00:00,CE,5.89,5.5,1.3,21.5,8.6,27.0,8.6,27.0,8.6,measured
2025-06-21 19:00:00,CE,6.08,5.2,1.29,13.7,7.7,18.9,7.7,18.9,7.7,measured
2025-06-21 20:00:00,CE,4.86,4.6,1.25,25.3,6.7,29.9,6.7,29.9,6.7,measured
2025-06-21 21:00:00,CE,4.11,4.0,1.23,26.9,5.9,30.9,5.9,30.9,5.9,measured
2025-06-21 22:00:00,CE,6.9,5.4,1.31,21.2,7.4,26.6,7.4,26.6,7.4,measured
2025-06-21 23:00:00,CE,6.78,3.8,1.25,24.9,5.7,28.7,5.7,28.7,5.7,measured
2025-06-22 00:00:00,CE,7.0,3.2,1.24,26.0,5.1,29.2,5.1,29.2,5.1,measured
2025-06-22 01:00:00,CE,6.65,2.7,1.22,27.6,4.6,30.3,4.6,30.3,4.6,measured
2025-06-22 02:00:00,CE,6.63,3.1,1.24,26.9,5.0,30.0,5.0,30.0,5.0,measured
2025-06-22 03:00:00,CE,6.8,3.7,1.23,23.9,5.6,27.599999999999998,5.6,27.599999999999998,5.6,measured
2025-06-22 05:00:00,CE,8.03,2.7,1.23,5.8,4.5,8.5,4.5,8.5,4.5,measured
2025-06-22 08:00:00,CE,7.36,5.0,1.25,12.2,8.2,17.2,8.2,17.2,8.2,measured
2025-06-22 09:00:00,CE,7.38,5.9,1.28,20.0,11.1,25.9,11.1,25.9,11.1,measured
2025-06-22 10:00:00,CE,10.23,6.0,1.25,30.4,12.8,36.4,12.8,36.4,12.8,measured
2025-06-22 11:00:00,CE,6.64,2.0,1.21,25.3,4.5,27.3,4.5,27.3,4.5,measured
2025-06-22 12:00:00,CE,6.35,2.5,1.21,37.3,5.2,39.8,5.2,39.8,5.2,measured
2025-06-22 13:00:00,CE,6.73,2.8,1.21,38.3,5.5,41.099999999999994,5.5,41.099999999999994,5.5,measured
2025-06-22 14:00:00,CE,6.84,2.8,1.22,39.3,5.5,42.099999999999994,5.5,42.099999999999994,5.5,measured
2025-06-22 15:00:00,CE,7.65,2.9,1.22,38.5,5.7,41.4,5.7,41.4,5.7,measured
2025-06-22 16:00:00,CE,6.04,2.0,1.18,37.6,4.3,39.6,4.3,39.6,4.3,measured
2025-06-22 17:00:00,CE,5.62,1.9,1.16,22.9,4.2,24.799999999999997,4.2,24.799999999999997,4.2,measured
2025-06-22 18:00:00,CE,6.46,2.3,1.19,27.7,4.6,30.0,4.6,30.0,4.6,measured
2025-06-22 19:00:00,CE,5.81,2.7,1.18,30.0,4.8,32.7,4.8,32.7,4.8,measured
2025-06-22 20:00:00,CE,5.1,3.0,1.19,19.2,4.9,22.2,4.9,22.2,4.9,measured
2025-06-22 21:00:00,CE,4.34,3.0,1.19,16.4,4.8,19.4,4.8,19.4,4.8,measured
2025-06-22 22:00:00,CE,4.88,2.6,1.19,19.1,4.5,21.700000000000003,4.5,21.700000000000003,4.5,measured
2025-06-22 23:00:00,CE,5.69,2.1,1.21,21.6,4.0,23.700000000000003,4.0,23.700000000000003,4.0,measured
2025-06-23 00:00:00,CE,6.81,1.7,1.18,24.3,3.5,26.0,3.5,26.0,3.5,measured
2025-06-23 01:00:00,CE,8.38,1.3,1.17,24.4,3.0,25.7,3.0,25.7,3.0,measured
2025-06-23 02:00:00,CE,9.56,1.5,1.17,24.3,3.2,25.8,3.2,25.8,3.2,measured
2025-06-23 03:00:00,CE,9.39,1.1,1.16,33.8,2.8,34.9,2.8,34.9,2.8,measured
2025-06-23 04:00:00,CE,9.96,1.4,1.16,29.8,3.1,31.2,3.1,31.2,3.1,measured
2025-06-23 05:00:00,CE,10.1,1.2,1.16,35.9,2.9,37.1,2.9,37.1,2.9,measured
2025-06-23 06:00:00,CE,10.07,4.3,1.18,33.8,6.4,38.099999999999994,6.4,38.099999999999994,6.4,measured
2025-06-23 07:00:00,CE,14.18,11.9,1.3,35.1,19.9,47.0,19.9,47.0,19.9,measured
2025-06-23 08:00:00,CE,14.63,7.5,1.29,35.6,15.0,43.1,15.0,43.1,15.0,measured
2025-06-23 09:00:00,CE,11.97,6.2,1.31,26.3,13.0,32.5,13.0,32.5,13.0,measured
2025-06-23 10:00:00,CE,12.21,3.2,1.22,38.8,6.7,42.0,6.7,42.0,6.7,measured
2025-06-23 11:00:00,CE,,3.2,1.21,37.2,6.5,40.400000000000006,6.5,40.400000000000006,6.5,measured
2025-06-23 12:00:00,CE,,2.3,1.19,35.1,5.0,37.4,5.0,37.4,5.0,measured
2025-06-23 13:00:00,CE,,2.5,1.2,35.7,5.3,38.2,5.3,38.2,5.3,measured
2025-06-23 14:00:00,CE,,2.7,1.19,18.6,5.7,21.3,5.7,21.3,5.7,measured
2025-06-23 15:00:00,CE,,2.8,1.18,7.6,5.7,10.399999999999999,5.7,10.399999999999999,5.7,measured
2025-06-23 16:00:00,CE,,3.0,1.16,7.2,6.0,10.2,6.0,10.2,6.0,measured
2025-06-23 17:00:00,CE,,3.5,1.18,9.4,6.7,12.9,6.7,12.9,6.7,measured
2025-06-23 18:00:00,CE,10.79,4.7,1.25,30.0,7.7,34.7,7.7,34.7,7.7,measured
2025-06-23 19:00:00,CE,7.24,4.2,1.24,14.6,7.1,18.8,7.1,18.8,7.1,measured
2025-06-23 20:00:00,CE,7.01,4.8,1.24,7.9,6.9,12.7,6.9,12.7,6.9,measured
2025-06-23 21:00:00,CE,5.24,3.9,1.19,7.2,5.8,11.1,5.8,11.1,5.8,measured
2025-06-23 22:00:00,CE,5.04,4.8,1.18,10.2,6.7,15.0,6.7,15.0,6.7,measured
2025-06-23 23:00:00,CE,5.5,4.9,1.2,12.9,6.7,17.8,6.7,17.8,6.7,measured
2025-06-24 16:00:00,CE,11.59,3.3,1.18,27.3,6.3,30.6,6.3,30.6,6.3,measured
2025-06-24 17:00:00,CE,9.75,3.2,1.18,18.2,6.2,21.4,6.2,21.4,6.2,measured
2025-06-24 18:00:00,CE,7.36,4.4,1.19,14.2,7.3,18.6,7.3,18.6,7.3,measured
2025-06-24 19:00:00,CE,6.02,5.6,1.24,23.5,8.4,29.1,8.4,29.1,8.4,measured
2025-06-24 20:00:00,CE,6.85,4.0,1.19,15.5,6.1,19.5,6.1,19.5,6.1,measured
2025-06-24 21:00:00,CE,7.74,3.8,1.17,13.8,5.8,17.6,5.8,17.6,5.8,measured
2025-06-24 23:00:00,CE,7.47,2.8,1.16,14.3,4.7,17.1,4.7,17.1,4.7,measured
2025-06-25 00:00:00,CE,6.81,1.8,1.16,7.6,3.6,9.4,3.6,9.4,3.6,measured
2025-06-25 01:00:00,CE,6.33,1.5,1.17,13.9,3.3,15.4,3.3,15.4,3.3,measured
2025-06-25 02:00:00,CE,6.79,1.7,1.17,17.7,3.5,19.4,3.5,19.4,3.5,measured
2025-06-25 03:00:00,CE,8.57,4.0,1.17,17.4,6.0,21.4,6.0,21.4,6.0,measured
2025-06-25 04:00:00,CE,11.56,6.3,1.18,23.4,8.8,29.7,8.8,29.7,8.8,measured
2025-06-25 05:00:00,CE,20.22,8.5,1.22,16.4,10.5,24.9,10.5,24.9,10.5,measured
2025-06-25 06:00:00,CE,28.5,10.7,1.28,17.0,13.9,27.7,13.9,27.7,13.9,measured
2025-06-25 07:00:00,CE,20.82,12.2,1.39,23.6,22.0,35.8,22.0,35.8,22.0,measured
2025-06-25 08:00:00,CE,21.0,11.0,1.46,28.2,22.8,39.2,22.8,39.2,22.8,measured
2025-06-25 09:00:00,CE,30.17,11.7,1.53,27.4,20.9,39.099999999999994,20.9,39.099999999999994,20.9,measured
2025-06-25 11:00:00,CE,21.73,11.5,1.41,20.6,17.0,32.1,17.0,32.1,17.0,measured
2025-06-25 12:00:00,CE,10.8,3.8,1.22,26.1,6.4,29.900000000000002,6.4,29.900000000000002,6.4,measured
2025-06-25 13:00:00,CE,9.23,3.0,1.19,38.2,5.7,41.2,5.7,41.2,5.7,measured
2025-06-25 14:00:00,CE,8.69,2.8,1.16,40.2,5.5,43.0,5.5,43.0,5.5,measured
2025-06-25 15:00:00,CE,7.39,2.3,1.13,27.2,4.8,29.5,4.8,29.5,4.8,measured
2025-06-25 16:00:00,CE,6.86,2.5,1.13,34.5,5.1,37.0,5.1,37.0,5.1,measured
2025-06-25 17:00:00,CE,6.41,2.6,1.11,14.3,5.1,16.900000000000002,5.1,16.900000000000002,5.1,measured
2025-06-25 18:00:00,CE,6.6,3.3,1.14,31.2,6.1,34.5,6.1,34.5,6.1,measured
2025-06-25 19:00:00,CE,6.62,3.5,1.14,29.3,6.0,32.8,6.0,32.8,6.0,measured
2025-06-25 20:00:00,CE,7.04,3.1,1.11,31.9,5.2,35.0,5.2,35.0,5.2,measured
2025-06-25 21:00:00,CE,8.14,3.1,1.13,16.2,5.0,19.3,5.0,19.3,5.0,measured
2025-06-25 22:00:00,CE,8.86,3.0,1.15,11.3,5.0,14.3,5.0,14.3,5.0,measured
2025-06-25 23:00:00,CE,8.41,2.9,1.14,15.7,4.8,18.599999999999998,4.8,18.599999999999998,4.8,measured
2025-06-26 00:00:00,CE,8.73,2.4,1.15,11.6,4.3,14.0,4.3,14.0,4.3,measured
2025-06-26 01:00:00,CE,9.69,2.8,1.17,16.9,4.7,19.7,4.7,19.7,4.7,measured
2025-06-26 02:00:00,CE,12.29,4.5,1.18,17.8,6.4,22.3,6.4,22.3,6.4,measured
2025-06-26 03:00:00,CE,12.79,3.2,1.19,20.1,5.0,23.3,5.0,23.3,5.0,measured
2025-06-26 04:00:00,CE,14.79,5.7,1.18,22.9,7.6,28.599999999999998,7.6,28.599999999999998,7.6,measured
2025-06-26 06:00:00,CE,19.25,12.8,1.26,24.1,15.4,36.900000000000006,15.4,36.900000000000006,15.4,measured
2025-06-26 07:00:00,CE,20.24,13.7,1.4,29.4,20.4,43.099999999999994,20.4,43.099999999999994,20.4,measured
2025-06-26 08:00:00,CE,21.42,13.3,1.52,30.7,22.9,44.0,22.9,44.0,22.9,measured
2020-09-12 11:00:00,NO,13.79,0.6,,4.9,0.6,5.5,0.6,5.5,0.6,measured
2020-10-28 14:00:00,NO,14.59,2.3,2.15,5.7,3.5,8.0,3.5,8.0,3.5,measured
2021-03-05 13:00:00,NO,,0.8,,1.2,0.8,2.0,0.8,2.0,0.8,measured
2020-11-20 16:00:00,NO2,27.77,0.6,1.52,131.3,131.2,131.9,131.2,131.9,131.2,measured
2021-03-02 15:00:00,SE,17.0,2.7,,5.4,4.4,8.100000000000001,4.4,8.100000000000001,4.4,measured
2020-04-04 16:00:00,SO,21.87,0.5,,0.6,0.5,1.1,0.5,1.1,0.5,measured
2020-04-04 17:00:00,SO,20.21,0.5,,0.6,0.5,1.1,0.5,1.1,0.5,measured
2020-04-07 11:00:00,SO,36.35,0.5,,0.6,0.5,1.1,0.5,1.1,0.5,measured
2020-04-08 04:00:00,SO,35.81,0.5,,0.6,0.5,1.1,0.5,1.1,0.5,measured
2020-04-08 05:00:00,SO,33.56,0.5,,0.7,0.5,1.2,0.5,1.2,0.5,measured
2020-04-08 06:00:00,SO,36.75,0.5,,0.6,0.5,1.1,0.5,1.1,0.5,measured
2020-04-08 07:00:00,SO,26.7,0.5,,0.6,0.5,1.1,0.5,1.1,0.5,measured
2020-04-08 09:00:00,SO,22.54,0.5,,0.6,0.5,1.1,0.5,1.1,0.5,measured
2020-04-10 08:00:00,SO,,0.5,,0.9,0.5,1.4,0.5,1.4,0.5,measured
2020-04-10 19:00:00,SO,19.64,0.5,,0.8,0.5,1.3,0.5,1.3,0.5,measured
2020-04-10 20:00:00,SO,,0.5,,0.7,0.5,1.2,0.5,1.2,0.5,measured
2020-04-10 22:00:00,SO,6.76,0.5,,0.7,0.5,1.2,0.5,1.2,0.5,measured
2020-04-10 23:00:00,SO,6.26,0.5,,0.7,0.5,1.2,0.5,1.2,0.5,measured
2020-04-11 09:00:00,SO,17.5,0.5,,0.8,0.5,1.3,0.5,1.3,0.5,measured
2020-04-11 10:00:00,SO,17.0,0.5,,0.9,0.5,1.4,0.5,1.4,0.5,measured
2020-04-11 11:00:00,SO,20.18,0.5,,0.9,0.5,1.4,0.5,1.4,0.5,measured
2020-04-11 12:00:00,SO,26.37,0.5,,1.0,0.5,1.5,0.5,1.5,0.5,measured
2020-04-11 13:00:00,SO,28.13,0.5,,1.0,0.5,1.5,0.5,1.5,0.5,measured
2020-04-12 02:00:00,SO,,0.5,,0.8,0.5,1.3,0.5,1.3,0.5,measured
2020-04-12 03:00:00,SO,,0.5,,0.8,0.5,1.3,0.5,1.3,0.5,measured
2020-04-12 04:00:00,SO,15.39,0.5,,0.9,0.5,1.4,0.5,1.4,0.5,measured
2020-04-12 05:00:00,SO,3.93,0.5,,0.9,0.5,1.4,0.5,1.4,0.5,measured
2020-04-13 07:00:00,SO,,0.5,,0.8,0.5,1.3,0.5,1.3,0.5,measured
2020-04-17 13:00:00,SO,35.1,0.5,,0.7,0.6,1.2,0.6,1.2,0.6,measured
2020-04-17 14:00:00,SO,34.36,0.5,,0.8,0.5,1.3,0.5,1.3,0.5,measured
2020-04-18 00:00:00,SO,14.58,0.5,,0.6,0.5,1.1,0.5,1.1,0.5,measured
2020-04-18 12:00:00,SO,20.59,0.5,,0.7,0.5,1.2,0.5,1.2,0.5,measured
2020-04-18 13:00:00,SO,21.46,0.5,,0.9,0.5,1.4,0.5,1.4,0.5,measured
2020-04-19 03:00:00,SO,,0.5,,0.8,0.5,1.3,0.5,1.3,0.5,measured
2020-04-19 04:00:00,SO,,0.5,,0.8,0.5,1.3,0.5,1.3,0.5,measured
2020-04-19 05:00:00,SO,,0.5,,0.7,0.5,1.2,0.5,1.2,0.5,measured
2020-04-19 06:00:00,SO,,0.5,,0.6,0.5,1.1,0.5,1.1,0.5,measured
2020-04-19 07:00:00,SO,22.59,0.5,,0.7,0.5,1.2,0.5,1.2,0.5,measured
2020-04-19 08:00:00,SO,14.73,0.5,,0.9,0.5,1.4,0.5,1.4,0.5,measured
2020-04-21 07:00:00,SO,54.88,0.5,,0.8,0.5,1.3,0.5,1.3,0.5,measured
2020-04-21 08:00:00,SO,54.08,0.5,,0.9,0.5,1.4,0.5,1.4,0.5,measured
2020-04-21 09:00:00,SO,43.14,0.5,,1.0,0.5,1.5,0.5,1.5,0.5,measured
2020-04-22 01:00:00,SO,40.58,0.5,,0.8,0.5,1.3,0.5,1.3,0.5,measured
2020-04-22 05:00:00,SO,43.04,0.5,,0.7,0.5,1.2,0.5,1.2,0.5,measured
2020-04-24 06:00:00,SO,35.61,0.5,,0.9,0.5,1.4,0.5,1.4,0.5,measured
2020-04-24 07:00:00,SO,39.23,0.5,,1.0,0.5,1.5,0.5,1.5,0.5,measured
2020-04-24 08:00:00,SO,41.51,0.5,,0.9,0.5,1.4,0.5,1.4,0.5,measured
2020-04-24 09:00:00,SO,24.69,0.5,,0.9,0.5,1.4,0.5,1.4,0.5,measured
2020-04-26 03:00:00,SO,,0.5,,0.7,0.5,1.2,0.5,1.2,0.5,measured
2020-04-26 04:00:00,SO,,0.5,,0.7,0.5,1.2,0.5,1.2,0.5,measured
2020-04-26 12:00:00,SO,,0.5,,0.6,0.5,1.1,0.5,1.1,0.5,measured
2020-04-26 13:00:00,SO,,0.5,,0.7,0.5,1.2,0.5,1.2,0.5,measured
2020-04-26 14:00:00,SO,13.17,0.5,,0.7,0.5,1.2,0.5,1.2,0.5,measured
2020-04-26 20:00:00,SO,12.94,0.5,,0.6,0.5,1.1,0.5,1.1,0.5,measured
2020-04-26 21:00:00,SO,12.95,0.5,,0.6,0.5,1.1,0.5,1.1,0.5,measured
2020-04-26 22:00:00,SO,13.55,0.5,,0.7,0.5,1.2,0.5,1.2,0.5,measured
2020-04-26 23:00:00,SO,13.35,0.5,,0.7,0.5,1.2,0.5,1.2,0.5,measured
2020-04-27 01:00:00,SO,14.26,0.5,,0.6,0.5,1.1,0.5,1.1,0.5,measured
2020-04-27 08:00:00,SO,16.02,0.5,,0.6,0.5,1.1,0.5,1.1,0.5,measured
2020-04-27 09:00:00,SO,17.67,0.5,,0.6,0.5,1.1,0.5,1.1,0.5,measured
2020-04-27 10:00:00,SO,23.98,0.5,,0.8,0.5,1.3,0.5,1.3,0.5,measured
2020-04-27 11:00:00,SO,22.1,0.5,,0.8,0.5,1.3,0.5,1.3,0.5,measured
2020-04-27 12:00:00,SO,19.23,0.5,,0.7,0.5,1.2,0.5,1.2,0.5,measured
2020-04-28 01:00:00,SO,21.65,0.5,,0.9,0.5,1.4,0.5,1.4,0.5,measured
2020-04-28 02:00:00,SO,22.56,0.5,,0.9,0.5,1.4,0.5,1.4,0.5,measured
2020-04-28 03:00:00,SO,23.79,0.5,,0.8,0.5,1.3,0.5,1.3,0.5,measured
2020-04-28 04:00:00,SO,24.02,0.5,,0.8,0.5,1.3,0.5,1.3,0.5,measured
2020-04-28 05:00:00,SO,,0.5,,0.9,0.5,1.4,0.5,1.4,0.5,measured
2020-04-28 06:00:00,SO,,0.5,,0.9,0.5,1.4,0.5,1.4,0.5,measured
2020-04-28 07:00:00,SO,,0.5,,0.7,0.5,1.2,0.5,1.2,0.5,measured
2020-04-28 08:00:00,SO,34.52,0.5,,0.7,0.5,1.2,0.5,1.2,0.5,measured
2020-04-28 09:00:00,SO,36.88,0.5,,0.9,0.5,1.4,0.5,1.4,0.5,measured
2020-04-29 06:00:00,SO,18.17,0.5,,0.9,0.5,1.4,0.5,1.4,0.5,measured
2020-04-29 07:00:00,SO,19.82,0.5,,0.9,0.5,1.4,0.5,1.4,0.5,measured
2020-04-30 02:00:00,SO,,0.5,,1.0,0.5,1.5,0.5,1.5,0.5,measured
2020-04-30 03:00:00,SO,14.67,0.5,,0.9,0.5,1.4,0.5,1.4,0.5,measured
2020-04-30 04:00:00,SO,14.09,0.5,,0.8,0.5,1.3,0.5,1.3,0.5,measured
2020-04-30 05:00:00,SO,15.11,0.5,,0.8,0.5,1.3,0.5,1.3,0.5,measured
2020-04-30 07:00:00,SO,12.81,0.5,,0.9,0.5,1.4,0.5,1.4,0.5,measured
2020-04-30 08:00:00,SO,16.42,0.5,,0.8,0.5,1.3,0.5,1.3,0.5,measured
2020-04-30 09:00:00,SO,14.68,0.5,,0.9,0.5,1.4,0.5,1.4,0.5,measured
2020-04-30 10:00:00,SO,9.55,0.5,,1.0,0.5,1.5,0.5,1.5,0.5,measured
2020-04-30 11:00:00,SO,9.22,0.5,,0.9,0.5,1.4,0.5,1.4,0.5,measured
2020-05-01 06:00:00,SO,12.34,0.5,,0.8,0.5,1.3,0.5,1.3,0.5,measured
2020-05-01 07:00:00,SO,20.84,0.5,,0.7,0.5,1.2,0.5,1.2,0.5,measured
2020-05-01 08:00:00,SO,26.62,0.5,,0.7,0.5,1.2,0.5,1.2,0.5,measured
2020-05-01 10:00:00,SO,15.34,0.5,,0.9,0.5,1.4,0.5,1.4,0.5,measured
2020-05-02 03:00:00,SO,11.87,0.5,,0.8,0.5,1.3,0.5,1.3,0.5,measured
2020-05-02 04:00:00,SO,13.31,0.5,,0.7,0.5,1.2,0.5,1.2,0.5,measured
2020-05-02 05:00:00,SO,14.97,0.5,,0.7,0.5,1.2,0.5,1.2,0.5,measured
2020-05-02 07:00:00,SO,20.02,0.5,,0.8,0.5,1.3,0.5,1.3,0.5,measured
2020-05-02 08:00:00,SO,23.09,0.5,,0.8,0.5,1.3,0.5,1.3,0.5,measured
2020-05-02 09:00:00,SO,20.76,0.5,,0.9,0.5,1.4,0.5,1.4,0.5,measured
2020-05-07 05:00:00,SO,,0.5,,0.6,0.5,1.1,0.5,1.1,0.5,measured
2020-05-07 07:00:00,SO,,0.5,,0.7,0.5,1.2,0.5,1.2,0.5,measured
2020-05-07 08:00:00,SO,22.86,0.5,,0.6,0.5,1.1,0.5,1.1,0.5,measured
2020-05-07 09:00:00,SO,26.7,0.5,,0.7,0.5,1.2,0.5,1.2,0.5,measured
2020-05-10 16:00:00,SO,11.43,0.5,,0.6,0.5,1.1,0.5,1.1,0.5,measured
2020-05-10 17:00:00,SO,10.47,0.5,,0.6,0.5,1.1,0.5,1.1,0.5,measured
2020-05-10 19:00:00,SO,11.77,0.5,,0.7,0.5,1.2,0.5,1.2,0.5,measured
2020-05-10 20:00:00,SO,10.96,0.5,,0.6,0.5,1.1,0.5,1.1,0.5,measured
2020-05-10 21:00:00,SO,11.0,0.5,,0.6,0.5,1.1,0.5,1.1,0.5,measured
2020-05-11 11:00:00,SO,8.53,0.5,,0.6,0.5,1.1,0.5,1.1,0.5,measured
2020-05-12 00:00:00,SO,,0.5,,0.6,0.5,1.1,0.5,1.1,0.5,measured
2020-05-12 03:00:00,SO,,0.5,,0.6,0.5,1.1,0.5,1.1,0.5,measured
2020-05-12 04:00:00,SO,18.2,0.5,,0.6,0.5,1.1,0.5,1.1,0.5,measured
2020-05-12 07:00:00,SO,17.3,0.5,,0.6,0.5,1.1,0.5,1.1,0.5,measured
2020-05-12 08:00:00,SO,19.51,0.5,,0.6,0.5,1.1,0.5,1.1,0.5,measured
2020-05-12 09:00:00,SO,18.69,0.5,,0.7,0.5,1.2,0.5,1.2,0.5,measured
2020-05-12 10:00:00,SO,19.48,0.5,,0.6,0.5,1.1,0.5,1.1,0.5,measured
2020-05-12 11:00:00,SO,22.28,0.5,,0.8,0.5,1.3,0.5,1.3,0.5,measured
2020-05-13 08:00:00,SO,18.07,0.5,,0.6,0.5,1.1,0.5,1.1,0.5,measured
2020-05-25 07:00:00,SO,22.57,0.5,,0.7,0.5,1.2,0.5,1.2,0.5,measured
2020-05-25 08:00:00,SO,16.82,0.5,,0.9,0.5,1.4,0.5,1.4,0.5,measured
2020-05-26 12:00:00,SO,,0.5,,0.7,0.5,1.2,0.5,1.2,0.5,measured
2020-05-27 05:00:00,SO,10.63,0.5,,0.6,0.5,1.1,0.5,1.1,0.5,measured
2020-05-27 06:00:00,SO,15.16,0.5,,0.7,0.5,1.2,0.5,1.2,0.5,measured
2020-05-27 07:00:00,SO,23.27,0.5,,0.6,0.5,1.1,0.5,1.1,0.5,measured
2020-05-27 08:00:00,SO,16.87,0.5,,0.8,0.5,1.3,0.5,1.3,0.5,measured
2020-05-27 09:00:00,SO,17.84,0.5,,0.9,0.5,1.4,0.5,1.4,0.5,measured
2020-05-29 04:00:00,SO,6.57,0.5,,0.6,0.5,1.1,0.5,1.1,0.5,measured
2020-05-29 05:00:00,SO,,0.5,,0.6,0.5,1.1,0.5,1.1,0.5,measured
2020-05-29 07:00:00,SO,24.05,0.5,,0.7,0.5,1.2,0.5,1.2,0.5,measured
2020-05-29 08:00:00,SO,17.98,0.5,,0.8,0.5,1.3,0.5,1.3,0.5,measured
2020-05-30 08:00:00,SO,32.15,0.5,,0.8,0.5,1.3,0.5,1.3,0.5,measured
2020-05-31 05:00:00,SO,,0.5,,0.6,0.5,1.1,0.5,1.1,0.5,measured
2020-05-31 06:00:00,SO,,0.5,,0.7,0.5,1.2,0.5,1.2,0.5,measured
2020-05-31 07:00:00,SO,21.46,0.5,,0.7,0.5,1.2,0.5,1.2,0.5,measured
2020-05-31 09:00:00,SO,17.31,0.5,,0.8,0.5,1.3,0.5,1.3,0.5,measured
2020-06-03 07:00:00,SO,8.71,0.5,,0.6,0.5,1.1,0.5,1.1,0.5,measured
2020-06-04 01:00:00,SO,9.61,0.5,,0.8,0.5,1.3,0.5,1.3,0.5,measured
2020-06-04 02:00:00,SO,8.39,0.5,,0.7,0.5,1.2,0.5,1.2,0.5,measured
2020-06-04 03:00:00,SO,8.3,0.5,,0.6,0.5,1.1,0.5,1.1,0.5,measured
2020-06-04 09:00:00,SO,16.38,0.5,,0.7,0.5,1.2,0.5,1.2,0.5,measured
2020-06-04 10:00:00,SO,19.48,0.5,,0.8,0.5,1.3,0.5,1.3,0.5,measured
2020-06-04 11:00:00,SO,19.37,0.5,,0.9,0.5,1.4,0.5,1.4,0.5,measured
2020-06-04 12:00:00,SO,24.07,0.5,,1.0,0.5,1.5,0.5,1.5,0.5,measured
2020-06-04 13:00:00,SO,20.69,0.5,,0.9,0.5,1.4,0.5,1.4,0.5,measured
2020-06-10 22:00:00,SO,14.41,0.5,,0.9,0.5,1.4,0.5,1.4,0.5,measured
2020-06-10 23:00:00,SO,11.91,0.5,,0.9,0.5,1.4,0.5,1.4,0.5,measured
2020-06-11 01:00:00,SO,13.93,0.5,,0.8,0.5,1.3,0.5,1.3,0.5,measured
2020-06-11 02:00:00,SO,11.97,0.5,,0.7,0.5,1.2,0.5,1.2,0.5,measured
2020-06-11 03:00:00,SO,12.05,0.5,,0.6,0.5,1.1,0.5,1.1,0.5,measured
2020-06-11 11:00:00,SO,10.85,0.5,,0.6,0.5,1.1,0.5,1.1,0.5,measured
2020-06-11 12:00:00,SO,16.44,0.5,,0.7,0.5,1.2,0.5,1.2,0.5,measured
2020-06-11 13:00:00,SO,21.69,0.5,,0.8,0.5,1.3,0.5,1.3,0.5,measured
2020-06-11 14:00:00,SO,17.38,0.5,,0.8,0.5,1.3,0.5,1.3,0.5,measured
2020-06-11 15:00:00,SO,17.4,0.5,,0.9,0.5,1.4,0.5,1.4,0.5,measured
2020-06-11 16:00:00,SO,17.12,0.5,,0.9,0.5,1.4,0.5,1.4,0.5,measured
2020-06-11 17:00:00,SO,8.89,0.5,,0.8,0.5,1.3,0.5,1.3,0.5,measured
2020-06-11 18:00:00,SO,11.83,0.5,,0.9,0.5,1.4,0.5,1.4,0.5,measured
2020-06-11 19:00:00,SO,11.7,0.5,,0.9,0.5,1.4,0.5,1.4,0.5,measured
2020-06-11 20:00:00,SO,13.34,0.5,,0.8,0.5,1.3,0.5,1.3,0.5,measured
2020-06-11 21:00:00,SO,16.25,0.5,,0.7,0.5,1.2,0.5,1.2,0.5,measured
2020-06-11 22:00:00,SO,12.57,0.5,,0.6,0.5,1.1,0.5,1.1,0.5,measured
2020-06-11 23:00:00,SO,13.08,0.5,,0.6,0.5,1.1,0.5,1.1,0.5,measured
2020-06-12 11:00:00,SO,12.98,0.5,,0.7,0.6,1.2,0.6,1.2,0.6,measured
2020-06-12 12:00:00,SO,11.26,0.5,,0.8,0.5,1.3,0.5,1.3,0.5,measured
2020-06-12 13:00:00,SO,12.73,0.5,,0.8,0.5,1.3,0.5,1.3,0.5,measured
2020-06-12 14:00:00,SO,12.88,0.5,,0.9,0.5,1.4,0.5,1.4,0.5,measured
2020-06-12 15:00:00,SO,11.03,0.5,,0.9,0.5,1.4,0.5,1.4,0.5,measured
2020-06-12 21:00:00,SO,10.27,0.5,,0.9,0.5,1.4,0.5,1.4,0.5,measured
2020-06-12 22:00:00,SO,10.32,0.5,,0.9,0.5,1.4,0.5,1.4,0.5,measured
2020-06-12 23:00:00,SO,11.87,0.5,,0.7,0.5,1.2,0.5,1.2,0.5,measured
2020-06-13 00:00:00,SO,10.25,0.5,,0.8,0.5,1.3,0.5,1.3,0.5,measured
2020-06-13 01:00:00,SO,7.99,0.5,,0.7,0.5,1.2,0.5,1.2,0.5,measured
2020-06-13 02:00:00,SO,8.33,0.5,,0.7,0.5,1.2,0.5,1.2,0.5,measured
2020-06-13 03:00:00,SO,9.45,0.5,,0.6,0.5,1.1,0.5,1.1,0.5,measured
2020-06-13 04:00:00,SO,7.51,0.5,,0.6,0.5,1.1,0.5,1.1,0.5,measured
2020-06-13 12:00:00,SO,10.75,0.5,,0.8,0.6,1.3,0.6,1.3,0.6,measured
2020-06-13 13:00:00,SO,12.47,0.5,,0.8,0.5,1.3,0.5,1.3,0.5,measured
2020-06-13 14:00:00,SO,13.88,0.5,,0.9,0.5,1.4,0.5,1.4,0.5,measured
2020-06-13 15:00:00,SO,12.19,0.5,,1.0,0.5,1.5,0.5,1.5,0.5,measured
2020-06-13 16:00:00,SO,14.24,0.5,,0.9,0.5,1.4,0.5,1.4,0.5,measured
2020-06-13 17:00:00,SO,13.32,0.5,,0.9,0.5,1.4,0.5,1.4,0.5,measured
2020-06-13 20:00:00,SO,13.57,0.5,,0.8,0.5,1.3,0.5,1.3,0.5,measured
2020-06-13 21:00:00,SO,14.61,0.5,,0.9,0.5,1.4,0.5,1.4,0.5,measured
2020-06-13 22:00:00,SO,15.95,0.5,,0.9,0.5,1.4,0.5,1.4,0.5,measured
2020-06-14 21:00:00,SO,10.72,0.5,,0.9,0.5,1.4,0.5,1.4,0.5,measured
2020-06-19 00:00:00,SO,6.86,0.5,,0.7,0.5,1.2,0.5,1.2,0.5,measured
2020-06-19 01:00:00,SO,12.55,0.5,,0.8,0.5,1.3,0.5,1.3,0.5,measured
2020-06-19 02:00:00,SO,12.64,0.5,,0.8,0.5,1.3,0.5,1.3,0.5,measured
2020-06-19 03:00:00,SO,13.43,0.5,,0.7,0.6,1.2,0.6,1.2,0.6,measured
2020-06-19 07:00:00,SO,14.19,0.5,,0.6,0.5,1.1,0.5,1.1,0.5,measured
2020-06-19 08:00:00,SO,22.84,0.5,,0.6,0.5,1.1,0.5,1.1,0.5,measured
2020-06-19 09:00:00,SO,20.8,0.5,,0.7,0.5,1.2,0.5,1.2,0.5,measured
2020-06-19 10:00:00,SO,15.86,0.5,,0.8,0.5,1.3,0.5,1.3,0.5,measured
2020-06-19 11:00:00,SO,15.81,0.5,,0.9,0.5,1.4,0.5,1.4,0.5,measured
2020-06-19 12:00:00,SO,19.06,0.5,,0.9,0.5,1.4,0.5,1.4,0.5,measured
2020-06-19 13:00:00,SO,27.96,0.5,,1.0,0.5,1.5,0.5,1.5,0.5,measured
2020-06-19 15:00:00,SO,15.19,0.5,,1.0,0.5,1.5,0.5,1.5,0.5,measured
2020-06-19 23:00:00,SO,10.32,0.5,,0.9,0.5,1.4,0.5,1.4,0.5,measured
2020-06-20 00:00:00,SO,9.99,0.5,,0.8,0.5,1.3,0.5,1.3,0.5,measured
2020-06-20 01:00:00,SO,9.84,0.5,,0.7,0.5,1.2,0.5,1.2,0.5,measured
2020-06-20 02:00:00,SO,8.26,0.5,,0.6,0.5,1.1,0.5,1.1,0.5,measured
2020-06-20 03:00:00,SO,8.1,0.5,,0.6,0.5,1.1,0.5,1.1,0.5,measured
2020-06-20 08:00:00,SO,14.73,0.5,,0.7,0.6,1.2,0.6,1.2,0.6,measured
2020-06-20 09:00:00,SO,18.69,0.5,,0.8,0.5,1.3,0.5,1.3,0.5,measured
2020-06-20 10:00:00,SO,18.68,0.5,,0.9,0.5,1.4,0.5,1.4,0.5,measured
2020-06-20 11:00:00,SO,18.25,0.5,,0.9,0.5,1.4,0.5,1.4,0.5,measured
2020-06-20 14:00:00,SO,24.69,0.5,,1.0,0.5,1.5,0.5,1.5,0.5,measured
2020-06-20 23:00:00,SO,12.06,0.5,,0.9,0.5,1.4,0.5,1.4,0.5,measured
2020-06-21 01:00:00,SO,9.55,0.5,,0.7,0.5,1.2,0.5,1.2,0.5,measured
2020-06-21 02:00:00,SO,9.48,0.5,,0.7,0.5,1.2,0.5,1.2,0.5,measured
2020-06-21 03:00:00,SO,10.57,0.5,,0.8,0.5,1.3,0.5,1.3,0.5,measured
2020-06-21 04:00:00,SO,13.03,0.5,,0.7,0.6,1.2,0.6,1.2,0.6,measured
2020-06-21 05:00:00,SO,12.73,0.5,,0.8,0.5,1.3,0.5,1.3,0.5,measured
2020-06-21 09:00:00,SO,18.2,0.5,,0.8,0.5,1.3,0.5,1.3,0.5,measured
2020-06-21 10:00:00,SO,18.99,0.5,,0.9,0.5,1.4,0.5,1.4,0.5,measured
2020-06-21 11:00:00,SO,18.71,0.5,,0.9,0.5,1.4,0.5,1.4,0.5,measured
2020-06-22 02:00:00,SO,10.85,0.5,,0.8,0.5,1.3,0.5,1.3,0.5,measured
2020-06-22 03:00:00,SO,10.68,0.5,,0.7,0.5,1.2,0.5,1.2,0.5,measured
2020-06-22 04:00:00,SO,12.17,0.5,,0.6,0.5,1.1,0.5,1.1,0.5,measured
2020-06-22 07:00:00,SO,14.28,0.5,,0.7,0.5,1.2,0.5,1.2,0.5,measured
2020-06-22 08:00:00,SO,20.38,0.5,,0.7,0.5,1.2,0.5,1.2,0.5,measured
2020-06-22 09:00:00,SO,24.37,0.5,,0.9,0.5,1.4,0.5,1.4,0.5,measured
2020-06-22 10:00:00,SO,24.65,0.5,,0.9,0.5,1.4,0.5,1.4,0.5,measured
2020-06-22 11:00:00,SO,22.79,0.5,,1.0,0.5,1.5,0.5,1.5,0.5,measured
2020-06-23 02:00:00,SO,15.56,0.5,,0.8,0.5,1.3,0.5,1.3,0.5,measured
2020-06-23 03:00:00,SO,15.22,0.5,,0.7,0.5,1.2,0.5,1.2,0.5,measured
2020-06-23 04:00:00,SO,16.18,0.5,,0.7,0.5,1.2,0.5,1.2,0.5,measured
2020-06-23 05:00:00,SO,18.29,0.5,,0.6,0.5,1.1,0.5,1.1,0.5,measured
2020-06-23 06:00:00,SO,19.11,0.5,,0.8,0.5,1.3,0.5,1.3,0.5,measured
2020-06-23 07:00:00,SO,21.01,0.5,,0.6,0.5,1.1,0.5,1.1,0.5,measured
2020-06-23 08:00:00,SO,22.76,0.5,,0.7,0.5,1.2,0.5,1.2,0.5,measured
2020-06-23 09:00:00,SO,28.81,0.5,,0.8,0.5,1.3,0.5,1.3,0.5,measured
2020-06-23 10:00:00,SO,30.36,0.5,,0.9,0.5,1.4,0.5,1.4,0.5,measured
2020-06-23 11:00:00,SO,31.54,0.5,,0.9,0.5,1.4,0.5,1.4,0.5,measured
2020-06-24 02:00:00,SO,21.38,0.5,,0.7,0.5,1.2,0.5,1.2,0.5,measured
2020-06-24 03:00:00,SO,19.65,0.5,,0.8,0.5,1.3,0.5,1.3,0.5,measured
2020-06-24 04:00:00,SO,18.24,0.5,,0.8,0.5,1.3,0.5,1.3,0.5,measured
2020-06-24 05:00:00,SO,19.11,0.5,,0.7,0.5,1.2,0.5,1.2,0.5,measured
2020-06-24 06:00:00,SO,19.49,0.5,,0.6,0.5,1.1,0.5,1.1,0.5,measured
2020-06-24 07:00:00,SO,19.03,0.5,,0.6,0.5,1.1,0.5,1.1,0.5,measured
2020-06-24 08:00:00,SO,22.46,0.5,,0.7,0.5,1.2,0.5,1.2,0.5,measured
2020-06-24 09:00:00,SO,26.66,0.5,,0.8,0.5,1.3,0.5,1.3,0.5,measured
2020-06-24 10:00:00,SO,29.36,0.5,,0.8,0.5,1.3,0.5,1.3,0.5,measured
2020-06-24 22:00:00,SO,,0.5,,1.0,0.6,1.5,0.6,1.5,0.6,measured
2020-06-24 23:00:00,SO,,0.5,,0.9,0.5,1.4,0.5,1.4,0.5,measured
2020-06-25 00:00:00,SO,,0.5,,0.9,0.5,1.4,0.5,1.4,0.5,measured
2020-06-25 01:00:00,SO,5.62,0.5,,0.8,0.5,1.3,0.5,1.3,0.5,measured
2020-06-25 02:00:00,SO,10.65,0.5,,0.7,0.5,1.2,0.5,1.2,0.5,measured
2020-06-25 03:00:00,SO,10.62,0.5,,0.6,0.5,1.1,0.5,1.1,0.5,measured
2020-06-25 10:00:00,SO,16.2,0.5,,0.7,0.6,1.2,0.6,1.2,0.6,measured
2020-06-25 11:00:00,SO,17.84,0.5,,0.8,0.6,1.3,0.6,1.3,0.6,measured
2020-06-25 12:00:00,SO,20.43,0.5,,0.9,0.5,1.4,0.5,1.4,0.5,measured
2020-06-25 13:00:00,SO,20.88,0.5,,1.0,0.5,1.5,0.5,1.5,0.5,measured
2020-06-25 14:00:00,SO,19.81,0.5,,0.8,0.5,1.3,0.5,1.3,0.5,measured
2020-06-25 23:00:00,SO,,0.5,,0.8,0.5,1.3,0.5,1.3,0.5,measured
2020-06-26 00:00:00,SO,6.73,0.5,,0.7,0.5,1.2,0.5,1.2,0.5,measured
2020-06-26 01:00:00,SO,7.41,0.5,,0.6,0.5,1.1,0.5,1.1,0.5,measured
2020-06-26 03:00:00,SO,13.59,0.5,,0.6,0.5,1.1,0.5,1.1,0.5,measured
2020-06-26 08:00:00,SO,14.18,0.5,,0.6,0.5,1.1,0.5,1.1,0.5,measured
2020-06-26 09:00:00,SO,16.83,0.5,,0.7,0.5,1.2,0.5,1.2,0.5,measured
2020-06-26 10:00:00,SO,13.67,0.5,,0.9,0.5,1.4,0.5,1.4,0.5,measured
2020-06-26 11:00:00,SO,17.38,0.5,,0.9,0.5,1.4,0.5,1.4,0.5,measured
2020-06-26 12:00:00,SO,20.21,0.5,,1.0,0.5,1.5,0.5,1.5,0.5,measured
2020-06-26 13:00:00,SO,19.22,0.5,,0.9,0.5,1.4,0.5,1.4,0.5,measured
2020-06-26 20:00:00,SO,12.12,0.5,,1.0,0.5,1.5,0.5,1.5,0.5,measured
2020-06-26 21:00:00,SO,14.26,0.5,,0.9,0.5,1.4,0.5,1.4,0.5,measured
2020-06-26 22:00:00,SO,11.92,0.5,,0.7,0.5,1.2,0.5,1.2,0.5,measured
2020-06-26 23:00:00,SO,16.75,0.5,,0.8,0.5,1.3,0.5,1.3,0.5,measured
2020-06-27 00:00:00,SO,16.56,0.5,,0.7,0.5,1.2,0.5,1.2,0.5,measured
2020-06-27 01:00:00,SO,19.16,0.5,,0.6,0.5,1.1,0.5,1.1,0.5,measured
2020-06-27 02:00:00,SO,22.84,0.5,,0.6,0.5,1.1,0.5,1.1,0.5,measured
2020-06-27 08:00:00,SO,41.72,0.5,,0.7,0.6,1.2,0.6,1.2,0.6,measured
2020-06-27 09:00:00,SO,53.4,0.5,,0.7,0.5,1.2,0.5,1.2,0.5,measured
2020-06-27 10:00:00,SO,61.06,0.5,,0.9,0.5,1.4,0.5,1.4,0.5,measured
2020-06-27 11:00:00,SO,74.4,0.5,,0.9,0.5,1.4,0.5,1.4,0.5,measured
2020-06-27 13:00:00,SO,71.66,0.5,,0.8,0.5,1.3,0.5,1.3,0.5,measured
2020-06-27 14:00:00,SO,70.82,0.5,,0.9,0.5,1.4,0.5,1.4,0.5,measured
2020-06-27 15:00:00,SO,66.69,0.5,,0.9,0.5,1.4,0.5,1.4,0.5,measured
2020-06-27 18:00:00,SO,8.51,0.5,,1.0,0.5,1.5,0.5,1.5,0.5,measured
2020-06-27 19:00:00,SO,8.15,0.5,,0.9,0.5,1.4,0.5,1.4,0.5,measured
2020-06-27 20:00:00,SO,15.77,0.5,,0.8,0.5,1.3,0.5,1.3,0.5,measured
2020-06-27 21:00:00,SO,16.25,0.5,,0.8,0.5,1.3,0.5,1.3,0.5,measured
2020-06-27 22:00:00,SO,18.06,0.5,,0.7,0.5,1.2,0.5,1.2,0.5,measured
2020-06-27 23:00:00,SO,12.37,0.5,,0.7,0.5,1.2,0.5,1.2,0.5,measured
2020-06-29 03:00:00,SO,29.82,0.5,,0.7,0.5,1.2,0.5,1.2,0.5,measured
2020-06-29 04:00:00,SO,30.98,0.5,,0.8,0.5,1.3,0.5,1.3,0.5,measured
2020-06-29 05:00:00,SO,32.24,0.5,,0.8,0.6,1.3,0.6,1.3,0.6,measured
2020-06-29 08:00:00,SO,25.85,0.5,,0.8,0.5,1.3,0.5,1.3,0.5,measured
2020-06-29 09:00:00,SO,10.62,0.5,,0.9,0.5,1.4,0.5,1.4,0.5,measured
2020-06-29 10:00:00,SO,11.18,0.5,,1.0,0.5,1.5,0.5,1.5,0.5,measured
2020-06-29 17:00:00,SO,8.26,0.5,,0.9,0.5,1.4,0.5,1.4,0.5,measured
2020-06-29 18:00:00,SO,9.48,0.5,,0.9,0.5,1.4,0.5,1.4,0.5,measured
2020-06-29 19:00:00,SO,10.83,0.5,,1.0,0.5,1.5,0.5,1.5,0.5,measured
2020-06-29 20:00:00,SO,11.55,0.5,,0.9,0.5,1.4,0.5,1.4,0.5,measured
2020-06-29 21:00:00,SO,10.57,0.5,,0.9,0.5,1.4,0.5,1.4,0.5,measured
2020-07-01 08:00:00,SO,34.46,0.5,,0.9,0.5,1.4,0.5,1.4,0.5,measured
2020-07-02 01:00:00,SO,19.67,0.5,,0.9,0.5,1.4,0.5,1.4,0.5,measured
2020-07-02 03:00:00,SO,25.04,0.5,,0.8,0.5,1.3,0.5,1.3,0.5,measured
2020-07-02 04:00:00,SO,26.64,0.5,,0.7,0.5,1.2,0.5,1.2,0.5,measured
2020-07-02 05:00:00,SO,29.67,0.5,,0.7,0.6,1.2,0.6,1.2,0.6,measured
2020-07-02 08:00:00,SO,32.44,0.5,,0.7,0.6,1.2,0.6,1.2,0.6,measured
2020-07-02 09:00:00,SO,37.23,0.5,,0.8,0.5,1.3,0.5,1.3,0.5,measured
2020-07-02 10:00:00,SO,40.44,0.5,,0.9,0.5,1.4,0.5,1.4,0.5,measured
2020-07-02 11:00:00,SO,43.53,0.5,,0.9,0.5,1.4,0.5,1.4,0.5,measured
2020-07-03 00:00:00,SO,29.37,0.5,,0.9,0.5,1.4,0.5,1.4,0.5,measured
2020-07-03 03:00:00,SO,27.14,0.5,,0.8,0.5,1.3,0.5,1.3,0.5,measured
2020-07-03 04:00:00,SO,26.53,0.5,,0.6,0.5,1.1,0.5,1.1,0.5,measured
2020-07-03 08:00:00,SO,30.24,0.5,,0.8,0.6,1.3,0.6,1.3,0.6,measured
2020-07-03 09:00:00,SO,37.86,0.5,,0.9,0.5,1.4,0.5,1.4,0.5,measured
2020-07-03 10:00:00,SO,41.84,0.5,,0.9,0.5,1.4,0.5,1.4,0.5,measured
2020-07-03 11:00:00,SO,40.82,0.5,,1.0,0.5,1.5,0.5,1.5,0.5,measured
2020-07-03 12:00:00,SO,39.72,0.5,,0.9,0.5,1.4,0.5,1.4,0.5,measured
2020-07-04 04:00:00,SO,18.99,0.5,,0.8,0.6,1.3,0.6,1.3,0.6,measured
2020-07-04 06:00:00,SO,19.93,0.5,,0.7,0.6,1.2,0.6,1.2,0.6,measured
2020-07-04 07:00:00,SO,25.08,0.5,,0.8,0.5,1.3,0.5,1.3,0.5,measured
2020-07-04 08:00:00,SO,33.62,0.5,,0.8,0.6,1.3,0.6,1.3,0.6,measured
2020-07-04 09:00:00,SO,31.25,0.5,,0.9,0.5,1.4,0.5,1.4,0.5,measured
2020-07-04 10:00:00,SO,20.01,0.5,,0.9,0.5,1.4,0.5,1.4,0.5,measured
2020-07-04 12:00:00,SO,18.42,0.5,,1.0,0.5,1.5,0.5,1.5,0.5,measured
2020-07-05 01:00:00,SO,13.44,0.5,,0.9,0.5,1.4,0.5,1.4,0.5,measured
2020-07-05 02:00:00,SO,15.2,0.5,,1.0,0.5,1.5,0.5,1.5,0.5,measured
2020-07-05 03:00:00,SO,16.43,0.5,,0.9,0.5,1.4,0.5,1.4,0.5,measured
2020-07-05 04:00:00,SO,16.81,0.5,,0.9,0.5,1.4,0.5,1.4,0.5,measured
2020-07-05 13:00:00,SO,24.3,0.5,,1.0,0.5,1.5,0.5,1.5,0.5,measured
2020-07-06 04:00:00,SO,16.39,0.5,,0.8,0.5,1.3,0.5,1.3,0.5,measured
2020-07-06 05:00:00,SO,17.11,0.5,,0.8,0.6,1.3,0.6,1.3,0.6,measured
2020-07-06 08:00:00,SO,25.12,0.5,,0.9,0.7,1.4,0.7,1.4,0.7,measured
2020-07-06 09:00:00,SO,26.25,0.5,,0.9,0.6,1.4,0.6,1.4,0.6,measured
2020-07-06 11:00:00,SO,26.97,0.5,,1.0,0.5,1.5,0.5,1.5,0.5,measured
2020-07-06 12:00:00,SO,31.01,0.5,,1.0,0.5,1.5,0.5,1.5,0.5,measured
2020-07-07 02:00:00,SO,21.46,0.5,,0.9,0.5,1.4,0.5,1.4,0.5,measured
2020-07-07 03:00:00,SO,23.71,0.5,,0.9,0.5,1.4,0.5,1.4,0.5,measured
2020-07-07 04:00:00,SO,23.24,0.5,,0.7,0.6,1.2,0.6,1.2,0.6,measured
2020-07-07 05:00:00,SO,22.96,0.5,,0.7,0.6,1.2,0.6,1.2,0.6,measured
2020-07-07 08:00:00,SO,24.68,0.5,,0.9,0.7,1.4,0.7,1.4,0.7,measured
2020-07-07 09:00:00,SO,30.17,0.5,,0.9,0.6,1.4,0.6,1.4,0.6,measured
2020-07-07 11:00:00,SO,31.87,0.5,,1.0,0.5,1.5,0.5,1.5,0.5,measured
