station_code,pollutant,period,rows,missing_pct,n_gaps_short,n_gaps_med,n_gaps_long,max_gap_h,mean_gap_h,coverage,decision,method,coverage_bucket,safeguards,neighbors_hint
CE,PM2.5,pandemic,17544.0,15.315777473780209,427.0,56.0,6.0,432.0,5.494887525562373,84.6842225262198,include_with_longs,A/B (leave long NA),≥80%,"clamp [0,P99.9]; enforce NOX≥NO, NOX≥NO2",SE|SO|NO
CE,PM2.5,transition,8760.0,9.440639269406391,124.0,20.0,4.0,117.0,5.587837837837838,90.5593607305936,include_with_longs,A/B (leave long NA),≥80%,"clamp [0,P99.9]; enforce NOX≥NO, NOX≥NO2",SE|SO|NO2
CE,PM2.5,current,21888.0,14.574195906432749,344.0,44.0,17.0,282.0,7.876543209876543,85.42580409356725,include_with_longs,A/B (leave long NA),≥80%,"clamp [0,P99.9]; enforce NOX≥NO, NOX≥NO2",SE|SO
NE,PM2.5,pandemic,17544.0,6.041951664386684,201.0,21.0,1.0,400.0,4.753363228699552,93.95804833561331,include_with_longs,A/B (leave long NA),≥80%,"clamp [0,P99.9]; enforce NOX≥NO, NOX≥NO2",NO
NE,PM2.5,transition,8760.0,4.965753424657534,150.0,15.0,0.0,36.0,2.636363636363636,95.03424657534246,include_conservative,A+B,≥80%,"clamp [0,P99.9]; enforce NOX≥NO, NOX≥NO2",NO|NE2|SE
NE,PM2.5,current,21888.0,8.799342105263158,424.0,34.0,5.0,359.0,4.159827213822894,91.20065789473684,include_with_longs,A/B (leave long NA),≥80%,"clamp [0,P99.9]; enforce NOX≥NO, NOX≥NO2",NE2|SO
NE2,PM2.5,pandemic,17544.0,20.21773825809393,935.0,76.0,8.0,203.0,3.480863591756624,79.78226174190607,include_conservative,A+B,60–80%,"clamp [0,P99.9]; enforce NOX≥NO, NOX≥NO2",
NE2,PM2.5,transition,8760.0,7.237442922374429,301.0,8.0,1.0,57.0,2.0451612903225804,92.76255707762556,include_with_longs,A/B (leave long NA),≥80%,"clamp [0,P99.9]; enforce NOX≥NO, NOX≥NO2",NE
NE2,PM2.5,current,21888.0,41.07730263157895,692.0,41.0,11.0,2985.0,12.084677419354838,58.92269736842105,exclude,none,<60%,"clamp [0,P99.9]; enforce NOX≥NO, NOX≥NO2",NE
NO,PM2.5,pandemic,17544.0,8.41313269493844,127.0,21.0,7.0,431.0,9.522580645161293,91.58686730506156,include_with_longs,A/B (leave long NA),≥80%,"clamp [0,P99.9]; enforce NOX≥NO, NOX≥NO2",NE|SO|SE
NO,PM2.5,transition,8760.0,23.48173515981735,425.0,24.0,3.0,499.0,4.550884955752212,76.51826484018265,include_conservative,A+B,60–80%,"clamp [0,P99.9]; enforce NOX≥NO, NOX≥NO2",NE|NO2|SO
NO,PM2.5,current,21888.0,74.9451754385965,519.0,57.0,12.0,4009.0,27.897959183673468,25.054824561403507,exclude,none,<60%,"clamp [0,P99.9]; enforce NOX≥NO, NOX≥NO2",
NO2,PM2.5,pandemic,17544.0,10.989512083903328,313.0,24.0,7.0,265.0,5.604651162790698,89.01048791609668,include_with_longs,A/B (leave long NA),≥80%,"clamp [0,P99.9]; enforce NOX≥NO, NOX≥NO2",
NO2,PM2.5,transition,8760.0,8.059360730593609,237.0,17.0,1.0,69.0,2.768627450980392,91.9406392694064,include_with_longs,A/B (leave long NA),≥80%,"clamp [0,P99.9]; enforce NOX≥NO, NOX≥NO2",SE|SO|NO
NO2,PM2.5,current,21888.0,20.75566520467836,415.0,71.0,16.0,655.0,9.049800796812749,79.24433479532163,include_conservative,A+B,60–80%,"clamp [0,P99.9]; enforce NOX≥NO, NOX≥NO2",
SE,PM2.5,pandemic,17544.0,7.791837665298678,329.0,41.0,3.0,73.0,3.6648793565683646,92.20816233470131,include_with_longs,A/B (leave long NA),≥80%,"clamp [0,P99.9]; enforce NOX≥NO, NOX≥NO2",CE|NO
SE,PM2.5,transition,8760.0,5.319634703196347,165.0,11.0,1.0,75.0,2.632768361581921,94.68036529680366,include_with_longs,A/B (leave long NA),≥80%,"clamp [0,P99.9]; enforce NOX≥NO, NOX≥NO2",CE|NE|NO2
SE,PM2.5,current,21888.0,20.44499269005848,463.0,67.0,17.0,520.0,8.180987202925046,79.55500730994152,include_conservative,A+B,60–80%,"clamp [0,P99.9]; enforce NOX≥NO, NOX≥NO2",CE
SO,PM2.5,pandemic,17544.0,5.625854993160054,295.0,26.0,0.0,48.0,3.074766355140187,94.37414500683994,include_conservative,A+B,≥80%,"clamp [0,P99.9]; enforce NOX≥NO, NOX≥NO2",NO|CE
SO,PM2.5,transition,8760.0,6.894977168949771,191.0,19.0,1.0,57.0,2.862559241706161,93.10502283105023,include_with_longs,A/B (leave long NA),≥80%,"clamp [0,P99.9]; enforce NOX≥NO, NOX≥NO2",CE|NO2|SE
SO,PM2.5,current,21888.0,16.08187134502924,532.0,45.0,12.0,370.0,5.976230899830221,83.91812865497076,include_with_longs,A/B (leave long NA),≥80%,"clamp [0,P99.9]; enforce NOX≥NO, NOX≥NO2",CE|NE
CE,NO2,pandemic,17544.0,12.933196534427724,251.0,85.0,4.0,295.0,6.673529411764706,87.06680346557228,include_with_longs,A/B (leave long NA),≥80%,"clamp [0,P99.9]; enforce NOX≥NO, NOX≥NO2",SE|NE|NO
CE,NO2,transition,8760.0,1.7694063926940635,47.0,6.0,0.0,23.0,2.9245283018867925,98.23059360730592,include_conservative,A+B,≥80%,"clamp [0,P99.9]; enforce NOX≥NO, NOX≥NO2",SO|SE|NE
CE,NO2,current,21888.0,2.9696637426900585,98.0,29.0,0.0,37.0,5.118110236220472,97.03033625730994,include_conservative,A+B,≥80%,"clamp [0,P99.9]; enforce NOX≥NO, NOX≥NO2",SO|SE|NE
NE,NO2,pandemic,17544.0,58.01983584131328,44.0,3.0,1.0,10067.0,212.0625,41.980164158686726,exclude,none,<60%,"clamp [0,P99.9]; enforce NOX≥NO, NOX≥NO2",SE|CE|NO
NE,NO2,transition,8760.0,1.6095890410958904,82.0,2.0,0.0,30.0,1.6785714285714286,98.39041095890413,include_conservative,A+B,≥80%,"clamp [0,P99.9]; enforce NOX≥NO, NOX≥NO2",SE|NE2|NO
NE,NO2,current,21888.0,4.756030701754386,72.0,15.0,1.0,720.0,11.829545454545457,95.24396929824562,include_with_longs,A/B (leave long NA),≥80%,"clamp [0,P99.9]; enforce NOX≥NO, NOX≥NO2",NE2|SE|CE
NE2,NO2,pandemic,17544.0,58.60693114455084,74.0,14.0,9.0,5235.0,106.0,41.39306885544916,exclude,none,<60%,"clamp [0,P99.9]; enforce NOX≥NO, NOX≥NO2",
NE2,NO2,transition,8760.0,2.4543378995433787,92.0,7.0,0.0,11.0,2.171717171717172,97.54566210045662,include_conservative,A+B,≥80%,"clamp [0,P99.9]; enforce NOX≥NO, NOX≥NO2",NE|NO2|NO
NE2,NO2,current,21888.0,13.011695906432749,107.0,21.0,3.0,2184.0,21.740458015267176,86.98830409356725,include_with_longs,A/B (leave long NA),≥80%,"clamp [0,P99.9]; enforce NOX≥NO, NOX≥NO2",NE
NO,NO2,pandemic,17544.0,47.04172366621067,385.0,22.0,3.0,5045.0,20.129268292682926,52.95827633378933,exclude,none,<60%,"clamp [0,P99.9]; enforce NOX≥NO, NOX≥NO2",SE|NE|SO
NO,NO2,transition,8760.0,13.91552511415525,314.0,40.0,0.0,42.0,3.443502824858757,86.08447488584476,include_conservative,A+B,≥80%,"clamp [0,P99.9]; enforce NOX≥NO, NOX≥NO2",NE|SO|CE
NO,NO2,current,21888.0,12.78782894736842,196.0,43.0,12.0,525.0,11.151394422310757,87.21217105263158,include_with_longs,A/B (leave long NA),≥80%,"clamp [0,P99.9]; enforce NOX≥NO, NOX≥NO2",NE|CE|SO
NO2,NO2,pandemic,17544.0,23.35271317829457,860.0,80.0,8.0,687.0,4.321729957805907,76.64728682170542,include_conservative,A+B,60–80%,"clamp [0,P99.9]; enforce NOX≥NO, NOX≥NO2",SO|NO|NE
NO2,NO2,transition,8760.0,2.7054794520547945,144.0,4.0,0.0,29.0,1.601351351351351,97.2945205479452,include_conservative,A+B,≥80%,"clamp [0,P99.9]; enforce NOX≥NO, NOX≥NO2",SO|NE|NO
NO2,NO2,current,21888.0,15.186403508771928,178.0,12.0,2.0,2462.0,17.3125,84.81359649122807,include_with_longs,A/B (leave long NA),≥80%,"clamp [0,P99.9]; enforce NOX≥NO, NOX≥NO2",
SE,NO2,pandemic,17544.0,60.698814409484726,62.0,12.0,3.0,10239.0,138.2987012987013,39.30118559051528,exclude,none,<60%,"clamp [0,P99.9]; enforce NOX≥NO, NOX≥NO2",CE|NE|NO
SE,NO2,transition,8760.0,4.32648401826484,229.0,1.0,0.0,11.0,1.6478260869565218,95.67351598173516,include_conservative,A+B,≥80%,"clamp [0,P99.9]; enforce NOX≥NO, NOX≥NO2",CE|NE|SO
SE,NO2,current,21888.0,1.274671052631579,111.0,10.0,0.0,28.0,2.3057851239669422,98.72532894736842,include_conservative,A+B,≥80%,"clamp [0,P99.9]; enforce NOX≥NO, NOX≥NO2",CE|NE|SO
SO,NO2,pandemic,17544.0,26.835385316917463,131.0,79.0,20.0,712.0,20.469565217391303,73.16461468308253,include_conservative,A+B,60–80%,"clamp [0,P99.9]; enforce NOX≥NO, NOX≥NO2",NO2|NO|SE
SO,NO2,transition,8760.0,2.682648401826484,84.0,4.0,1.0,49.0,2.640449438202247,97.31735159817352,include_with_longs,A/B (leave long NA),≥80%,"clamp [0,P99.9]; enforce NOX≥NO, NOX≥NO2",CE|NO2|SE
SO,NO2,current,21888.0,3.897112573099415,129.0,15.0,2.0,197.0,5.842465753424658,96.10288742690058,include_with_longs,A/B (leave long NA),≥80%,"clamp [0,P99.9]; enforce NOX≥NO, NOX≥NO2",CE|NE|SE
CE,CO,pandemic,17544.0,4.480164158686731,66.0,8.0,2.0,503.0,10.342105263157896,95.51983584131328,include_with_longs,A/B (leave long NA),≥80%,"clamp [0,P99.9]; enforce NOX≥NO, NOX≥NO2",SE|NE
CE,CO,transition,8760.0,1.678082191780822,43.0,5.0,0.0,23.0,3.0625,98.32191780821918,include_conservative,A+B,≥80%,"clamp [0,P99.9]; enforce NOX≥NO, NOX≥NO2",SE|SO
CE,CO,current,21888.0,2.4077119883040936,71.0,18.0,1.0,64.0,5.855555555555555,97.5922880116959,include_with_longs,A/B (leave long NA),≥80%,"clamp [0,P99.9]; enforce NOX≥NO, NOX≥NO2",SO|NO2|NO
NE,CO,pandemic,17544.0,25.33059735522116,92.0,11.0,3.0,3962.0,41.9245283018868,74.66940264477884,include_conservative,A+B,60–80%,"clamp [0,P99.9]; enforce NOX≥NO, NOX≥NO2",NO|CE|SE
NE,CO,transition,8760.0,1.552511415525114,74.0,2.0,0.0,30.0,1.7894736842105263,98.44748858447488,include_conservative,A+B,≥80%,"clamp [0,P99.9]; enforce NOX≥NO, NOX≥NO2",
NE,CO,current,21888.0,6.368786549707603,75.0,16.0,2.0,720.0,14.989247311827956,93.6312134502924,include_with_longs,A/B (leave long NA),≥80%,"clamp [0,P99.9]; enforce NOX≥NO, NOX≥NO2",NE2|SE
NE2,CO,pandemic,17544.0,20.126538987688097,60.0,8.0,6.0,2568.0,47.71621621621622,79.8734610123119,include_conservative,A+B,60–80%,"clamp [0,P99.9]; enforce NOX≥NO, NOX≥NO2",NO2
NE2,CO,transition,8760.0,1.2328767123287672,54.0,3.0,0.0,11.0,1.894736842105263,98.76712328767124,include_conservative,A+B,≥80%,"clamp [0,P99.9]; enforce NOX≥NO, NOX≥NO2",
NE2,CO,current,21888.0,18.919042397660817,103.0,26.0,8.0,1333.0,30.22627737226277,81.08095760233918,include_with_longs,A/B (leave long NA),≥80%,"clamp [0,P99.9]; enforce NOX≥NO, NOX≥NO2",NE
NO,CO,pandemic,17544.0,57.10214318285453,49.0,12.0,10.0,7190.0,141.09859154929578,42.89785681714547,exclude,none,<60%,"clamp [0,P99.9]; enforce NOX≥NO, NOX≥NO2",NE|SO|SE
NO,CO,transition,8760.0,4.885844748858448,120.0,13.0,0.0,42.0,3.218045112781955,95.11415525114155,include_conservative,A+B,≥80%,"clamp [0,P99.9]; enforce NOX≥NO, NOX≥NO2",
NO,CO,current,21888.0,15.839729532163744,87.0,32.0,3.0,2536.0,28.418032786885245,84.16027046783626,include_with_longs,A/B (leave long NA),≥80%,"clamp [0,P99.9]; enforce NOX≥NO, NOX≥NO2",SO|CE
NO2,CO,pandemic,17544.0,2.462380300957592,79.0,5.0,1.0,265.0,5.08235294117647,97.5376196990424,include_with_longs,A/B (leave long NA),≥80%,"clamp [0,P99.9]; enforce NOX≥NO, NOX≥NO2",NE2
NO2,CO,transition,8760.0,3.595890410958904,75.0,12.0,1.0,56.0,3.5795454545454546,96.4041095890411,include_with_longs,A/B (leave long NA),≥80%,"clamp [0,P99.9]; enforce NOX≥NO, NOX≥NO2",
NO2,CO,current,21888.0,3.033625730994152,114.0,13.0,2.0,215.0,5.147286821705427,96.96637426900584,include_with_longs,A/B (leave long NA),≥80%,"clamp [0,P99.9]; enforce NOX≥NO, NOX≥NO2",SO|CE
SE,CO,pandemic,17544.0,8.407432740538075,124.0,37.0,3.0,432.0,8.99390243902439,91.59256725946192,include_with_longs,A/B (leave long NA),≥80%,"clamp [0,P99.9]; enforce NOX≥NO, NOX≥NO2",NO|CE|NE
SE,CO,transition,8760.0,1.0844748858447488,74.0,1.0,0.0,11.0,1.2666666666666666,98.91552511415526,include_conservative,A+B,≥80%,"clamp [0,P99.9]; enforce NOX≥NO, NOX≥NO2",SO|CE
SE,CO,current,21888.0,13.692434210526317,73.0,16.0,12.0,1656.0,29.673267326732677,86.30756578947368,include_with_longs,A/B (leave long NA),≥80%,"clamp [0,P99.9]; enforce NOX≥NO, NOX≥NO2",NE
SO,CO,pandemic,17544.0,28.904468764249884,106.0,33.0,6.0,3866.0,34.97241379310345,71.09553123575012,include_conservative,A+B,60–80%,"clamp [0,P99.9]; enforce NOX≥NO, NOX≥NO2",NO
SO,CO,transition,8760.0,11.6324200913242,78.0,4.0,2.0,786.0,12.13095238095238,88.3675799086758,include_with_longs,A/B (leave long NA),≥80%,"clamp [0,P99.9]; enforce NOX≥NO, NOX≥NO2",SE|CE
SO,CO,current,21888.0,3.769188596491228,123.0,16.0,2.0,196.0,5.851063829787234,96.23081140350877,include_with_longs,A/B (leave long NA),≥80%,"clamp [0,P99.9]; enforce NOX≥NO, NOX≥NO2",CE|NO2|NO
CE,NO,pandemic,17544.0,17.515959872321023,772.0,108.0,2.0,66.0,3.484126984126984,82.48404012767898,include_with_longs,A/B (leave long NA),≥80%,"clamp [0,P99.9]; enforce NOX≥NO, NOX≥NO2",SE
CE,NO,transition,8760.0,5.707762557077626,227.0,5.0,0.0,23.0,2.155172413793104,94.29223744292236,include_conservative,A+B,≥80%,"clamp [0,P99.9]; enforce NOX≥NO, NOX≥NO2",SE|SO
CE,NO,current,21888.0,6.569809941520467,313.0,51.0,0.0,40.0,3.9505494505494503,93.43019005847954,include_conservative,A+B,≥80%,"clamp [0,P99.9]; enforce NOX≥NO, NOX≥NO2",SE
NE,NO,pandemic,17544.0,35.82991336069312,311.0,246.0,10.0,621.0,11.08641975308642,64.17008663930687,include_conservative,A+B,60–80%,"clamp [0,P99.9]; enforce NOX≥NO, NOX≥NO2",SE|SO
NE,NO,transition,8760.0,1.9634703196347032,110.0,2.0,0.0,30.0,1.5357142857142858,98.03652968036528,include_conservative,A+B,≥80%,"clamp [0,P99.9]; enforce NOX≥NO, NOX≥NO2",NE2|SE|SO
NE,NO,current,21888.0,5.217470760233918,146.0,15.0,1.0,720.0,7.049382716049383,94.78252923976608,include_with_longs,A/B (leave long NA),≥80%,"clamp [0,P99.9]; enforce NOX≥NO, NOX≥NO2",NE2|SO|NO
NE2,NO,pandemic,17544.0,58.67533059735523,68.0,7.0,4.0,5235.0,130.30379746835442,41.32466940264477,exclude,none,<60%,"clamp [0,P99.9]; enforce NOX≥NO, NOX≥NO2",
NE2,NO,transition,8760.0,2.089041095890411,86.0,4.0,0.0,11.0,2.033333333333333,97.9109589041096,include_conservative,A+B,≥80%,"clamp [0,P99.9]; enforce NOX≥NO, NOX≥NO2",NE
NE2,NO,current,21888.0,12.646198830409356,119.0,16.0,3.0,2184.0,20.057971014492757,87.35380116959064,include_with_longs,A/B (leave long NA),≥80%,"clamp [0,P99.9]; enforce NOX≥NO, NOX≥NO2",NE
NO,NO,pandemic,17544.0,32.76333789329685,721.0,124.0,10.0,1054.0,6.722807017543859,67.23666210670315,include_conservative,A+B,60–80%,"clamp [0,P99.9]; enforce NOX≥NO, NOX≥NO2",
NO,NO,transition,8760.0,14.075342465753424,323.0,40.0,0.0,42.0,3.396694214876033,85.92465753424658,include_conservative,A+B,≥80%,"clamp [0,P99.9]; enforce NOX≥NO, NOX≥NO2",
NO,NO,current,21888.0,14.1218932748538,547.0,57.0,7.0,523.0,5.058919803600655,85.8781067251462,include_with_longs,A/B (leave long NA),≥80%,"clamp [0,P99.9]; enforce NOX≥NO, NOX≥NO2",SO|SE|NE
NO2,NO,pandemic,17544.0,9.427724578203376,297.0,19.0,2.0,687.0,5.20125786163522,90.57227542179665,include_with_longs,A/B (leave long NA),≥80%,"clamp [0,P99.9]; enforce NOX≥NO, NOX≥NO2",
NO2,NO,transition,8760.0,2.7168949771689497,145.0,4.0,0.0,29.0,1.5973154362416109,97.28310502283104,include_conservative,A+B,≥80%,"clamp [0,P99.9]; enforce NOX≥NO, NOX≥NO2",SO
NO2,NO,current,21888.0,15.958516081871348,307.0,12.0,1.0,2880.0,10.915625,84.04148391812865,include_with_longs,A/B (leave long NA),≥80%,"clamp [0,P99.9]; enforce NOX≥NO, NOX≥NO2",
SE,NO,pandemic,17544.0,65.87437300501597,221.0,49.0,3.0,10239.0,42.333333333333336,34.12562699498403,exclude,none,<60%,"clamp [0,P99.9]; enforce NOX≥NO, NOX≥NO2",SO|CE|NE
SE,NO,transition,8760.0,4.315068493150685,229.0,1.0,0.0,11.0,1.6434782608695653,95.68493150684932,include_conservative,A+B,≥80%,"clamp [0,P99.9]; enforce NOX≥NO, NOX≥NO2",SO|CE|NE
SE,NO,current,21888.0,2.7275219298245617,325.0,10.0,0.0,28.0,1.782089552238806,97.27247807017544,include_conservative,A+B,≥80%,"clamp [0,P99.9]; enforce NOX≥NO, NOX≥NO2",SO|CE|NO
SO,NO,pandemic,17544.0,20.764933880528957,352.0,61.0,14.0,599.0,8.531615925058547,79.23506611947104,include_conservative,A+B,60–80%,"clamp [0,P99.9]; enforce NOX≥NO, NOX≥NO2",SE|NE
SO,NO,transition,8760.0,3.116438356164384,113.0,4.0,1.0,49.0,2.3135593220338984,96.88356164383562,include_with_longs,A/B (leave long NA),≥80%,"clamp [0,P99.9]; enforce NOX≥NO, NOX≥NO2",SE|NO2|CE
SO,NO,current,21888.0,3.9656432748538015,201.0,13.0,2.0,196.0,4.018518518518518,96.0343567251462,include_with_longs,A/B (leave long NA),≥80%,"clamp [0,P99.9]; enforce NOX≥NO, NOX≥NO2",NO|SE|NE
CE,NOX_final,pandemic,17544.0,10.38531691746466,255.0,75.0,2.0,66.0,5.487951807228916,89.61468308253534,include_with_longs,A/B (leave long NA),≥80%,"clamp [0,P99.9]; enforce NOX≥NO, NOX≥NO2",SE|NE|SO
CE,NOX_final,transition,8760.0,1.7237442922374429,45.0,5.0,0.0,23.0,3.02,98.27625570776256,include_conservative,A+B,≥80%,"clamp [0,P99.9]; enforce NOX≥NO, NOX≥NO2",SE|SO|NE
CE,NOX_final,current,21888.0,2.965095029239766,98.0,29.0,0.0,37.0,5.110236220472441,97.03490497076024,include_conservative,A+B,≥80%,"clamp [0,P99.9]; enforce NOX≥NO, NOX≥NO2",SE|SO|NE
NE,NOX_final,pandemic,17544.0,57.97993616051072,37.0,3.0,1.0,10067.0,248.09756097560972,42.02006383948928,exclude,none,<60%,"clamp [0,P99.9]; enforce NOX≥NO, NOX≥NO2",SE|CE|SO
NE,NOX_final,transition,8760.0,1.552511415525114,77.0,2.0,0.0,30.0,1.7215189873417722,98.44748858447488,include_conservative,A+B,≥80%,"clamp [0,P99.9]; enforce NOX≥NO, NOX≥NO2",NE2|SE|SO
NE,NOX_final,current,21888.0,4.052448830409356,100.0,15.0,1.0,532.0,7.646551724137931,95.94755116959064,include_with_longs,A/B (leave long NA),≥80%,"clamp [0,P99.9]; enforce NOX≥NO, NOX≥NO2",NE2|SO|NO
NE2,NOX_final,pandemic,17544.0,56.38964888280894,79.0,19.0,11.0,5235.0,90.76146788990826,43.61035111719106,exclude,none,<60%,"clamp [0,P99.9]; enforce NOX≥NO, NOX≥NO2",NE
NE2,NOX_final,transition,8760.0,1.9977168949771689,80.0,5.0,0.0,11.0,2.0588235294117645,98.00228310502284,include_conservative,A+B,≥80%,"clamp [0,P99.9]; enforce NOX≥NO, NOX≥NO2",NE|SO|SE
NE2,NOX_final,current,21888.0,12.554824561403509,112.0,15.0,3.0,2184.0,21.138461538461534,87.4451754385965,include_with_longs,A/B (leave long NA),≥80%,"clamp [0,P99.9]; enforce NOX≥NO, NOX≥NO2",NE
NO,NOX_final,pandemic,17544.0,44.2202462380301,235.0,14.0,5.0,4982.0,30.54330708661417,55.7797537619699,exclude,none,<60%,"clamp [0,P99.9]; enforce NOX≥NO, NOX≥NO2",SE|SO|NE
NO,NOX_final,transition,8760.0,13.91552511415525,314.0,40.0,0.0,42.0,3.443502824858757,86.08447488584476,include_conservative,A+B,≥80%,"clamp [0,P99.9]; enforce NOX≥NO, NOX≥NO2",
NO,NOX_final,current,21888.0,13.084795321637428,280.0,51.0,9.0,525.0,8.423529411764706,86.91520467836257,include_with_longs,A/B (leave long NA),≥80%,"clamp [0,P99.9]; enforce NOX≥NO, NOX≥NO2",SO|SE|NE
NO2,NOX_final,pandemic,17544.0,9.330825353397172,294.0,17.0,2.0,687.0,5.2300319488817895,90.66917464660284,include_with_longs,A/B (leave long NA),≥80%,"clamp [0,P99.9]; enforce NOX≥NO, NOX≥NO2",SE
NO2,NOX_final,transition,8760.0,2.7054794520547945,144.0,4.0,0.0,29.0,1.601351351351351,97.2945205479452,include_conservative,A+B,≥80%,"clamp [0,P99.9]; enforce NOX≥NO, NOX≥NO2",SO|SE|NE2
NO2,NOX_final,current,21888.0,14.268092105263158,265.0,16.0,4.0,1788.0,10.957894736842103,85.73190789473685,include_with_longs,A/B (leave long NA),≥80%,"clamp [0,P99.9]; enforce NOX≥NO, NOX≥NO2",
SE,NOX_final,pandemic,17544.0,60.6703146374829,58.0,12.0,3.0,10239.0,145.8082191780822,39.3296853625171,exclude,none,<60%,"clamp [0,P99.9]; enforce NOX≥NO, NOX≥NO2",CE|SO|NE
SE,NOX_final,transition,8760.0,4.32648401826484,229.0,1.0,0.0,11.0,1.6478260869565218,95.67351598173516,include_conservative,A+B,≥80%,"clamp [0,P99.9]; enforce NOX≥NO, NOX≥NO2",SO|CE|NE
SE,NOX_final,current,21888.0,1.5305190058479532,153.0,10.0,0.0,28.0,2.0552147239263805,98.46948099415204,include_conservative,A+B,≥80%,"clamp [0,P99.9]; enforce NOX≥NO, NOX≥NO2",CE|SO|NO
SO,NOX_final,pandemic,17544.0,19.39124487004104,138.0,45.0,16.0,712.0,17.09547738693467,80.60875512995896,include_with_longs,A/B (leave long NA),≥80%,"clamp [0,P99.9]; enforce NOX≥NO, NOX≥NO2",SE|NE|CE
SO,NOX_final,transition,8760.0,2.6484018264840183,81.0,4.0,1.0,49.0,2.697674418604651,97.35159817351598,include_with_longs,A/B (leave long NA),≥80%,"clamp [0,P99.9]; enforce NOX≥NO, NOX≥NO2",SE|CE|NO2
SO,NOX_final,current,21888.0,4.03874269005848,158.0,15.0,2.0,197.0,5.051428571428572,95.96125730994152,include_with_longs,A/B (leave long NA),≥80%,"clamp [0,P99.9]; enforce NOX≥NO, NOX≥NO2",CE|NO|SE
